2026-09-01 17:31:13.384 INFO  [http-nio-8080-exec-1] o.a.c.c.C.[Tomcat].[localhost].[/] - Initializing Spring DispatcherServlet 'dispatcherServlet'
2026-09-01 17:31:13.385 INFO  [http-nio-8080-exec-1] o.s.web.servlet.DispatcherServlet - Initializing Servlet 'dispatcherServlet'
2026-09-01 17:31:13.388 INFO  [http-nio-8080-exec-1] o.s.web.servlet.DispatcherServlet - Completed initialization in 3 ms
2026-09-01 17:31:13.932 WARN  [http-nio-8080-exec-1] o.h.v.i.m.a.CascadingMetaDataBuilder - HV000271: Using `@Valid` on a container (java.util.List) is deprecated. You should apply the annotation on the type argument(s). Affected element: items
2026-09-01 17:31:14.108 INFO  [http-nio-8080-exec-1] c.a.ecommerce.service.OrderService - Creating new order with email =ashirshaikh231@gmail.com and item=1
2026-09-01 17:31:14.140 ERROR [http-nio-8080-exec-1] c.a.e.e.GlobalExceptionHandler - Product not found with id 0
2026-09-01 17:37:26.689 INFO  [SpringApplicationShutdownHook] o.s.boot.tomcat.GracefulShutdown - Commencing graceful shutdown. Waiting for active requests to complete
2026-09-01 17:37:26.710 INFO  [tomcat-shutdown] o.s.boot.tomcat.GracefulShutdown - Graceful shutdown complete
2026-09-01 17:37:26.754 INFO  [SpringApplicationShutdownHook] o.s.o.j.LocalContainerEntityManagerFactoryBean - Closing JPA EntityManagerFactory for persistence unit 'default'
2026-09-01 17:37:26.760 INFO  [SpringApplicationShutdownHook] com.zaxxer.hikari.HikariDataSource - HikariPool-1 - Shutdown initiated...
2026-09-01 17:37:26.775 INFO  [SpringApplicationShutdownHook] com.zaxxer.hikari.HikariDataSource - HikariPool-1 - Shutdown completed.
2026-09-01 18:03:49.164 INFO  [main] c.a.ecommerce.ECommerceApplication - Starting ECommerceApplication using Java 21.0.11 with PID 28780 (C:\Users\Ashir\IdeaProjects\e-commerce\target\classes started by Ashir in C:\Users\Ashir\IdeaProjects\e-commerce)
2026-09-01 18:03:49.167 INFO  [main] c.a.ecommerce.ECommerceApplication - No active profile set, falling back to 1 default profile: "default"
2026-09-01 18:03:49.905 INFO  [background-preinit] o.h.validator.internal.util.Version - HV000001: Hibernate Validator 9.1.0.Final
2026-09-01 18:03:51.127 INFO  [main] o.s.d.r.c.RepositoryConfigurationDelegate - Multiple Spring Data modules found, entering strict repository configuration mode
2026-09-01 18:03:51.129 INFO  [main] o.s.d.r.c.RepositoryConfigurationDelegate - Bootstrapping Spring Data JPA repositories in DEFAULT mode.
2026-09-01 18:03:51.410 INFO  [main] o.s.d.r.c.RepositoryConfigurationDelegate - Finished Spring Data repository scanning in 266 ms. Found 5 JPA repository interfaces.
2026-09-01 18:03:51.437 INFO  [main] o.s.d.r.c.RepositoryConfigurationDelegate - Multiple Spring Data modules found, entering strict repository configuration mode
2026-09-01 18:03:51.439 INFO  [main] o.s.d.r.c.RepositoryConfigurationDelegate - Bootstrapping Spring Data Redis repositories in DEFAULT mode.
2026-09-01 18:03:51.470 INFO  [main] o.s.d.r.c.RepositoryConfigurationExtensionSupport - Spring Data Redis - Could not safely identify store assignment for repository candidate interface com.aashir.ecommerce.repository.InventoryRepository; If you want this repository to be a Redis repository, consider annotating your entities with one of these annotations: org.springframework.data.redis.core.RedisHash (preferred), or consider extending one of the following types with your repository: org.springframework.data.keyvalue.repository.KeyValueRepository
2026-09-01 18:03:51.470 INFO  [main] o.s.d.r.c.RepositoryConfigurationExtensionSupport - Spring Data Redis - Could not safely identify store assignment for repository candidate interface com.aashir.ecommerce.repository.OrderItemRepository; If you want this repository to be a Redis repository, consider annotating your entities with one of these annotations: org.springframework.data.redis.core.RedisHash (preferred), or consider extending one of the following types with your repository: org.springframework.data.keyvalue.repository.KeyValueRepository
2026-09-01 18:03:51.471 INFO  [main] o.s.d.r.c.RepositoryConfigurationExtensionSupport - Spring Data Redis - Could not safely identify store assignment for repository candidate interface com.aashir.ecommerce.repository.OrderRepository; If you want this repository to be a Redis repository, consider annotating your entities with one of these annotations: org.springframework.data.redis.core.RedisHash (preferred), or consider extending one of the following types with your repository: org.springframework.data.keyvalue.repository.KeyValueRepository
2026-09-01 18:03:51.471 INFO  [main] o.s.d.r.c.RepositoryConfigurationExtensionSupport - Spring Data Redis - Could not safely identify store assignment for repository candidate interface com.aashir.ecommerce.repository.ProductRepository; If you want this repository to be a Redis repository, consider annotating your entities with one of these annotations: org.springframework.data.redis.core.RedisHash (preferred), or consider extending one of the following types with your repository: org.springframework.data.keyvalue.repository.KeyValueRepository
2026-09-01 18:03:51.471 INFO  [main] o.s.d.r.c.RepositoryConfigurationExtensionSupport - Spring Data Redis - Could not safely identify store assignment for repository candidate interface com.aashir.ecommerce.repository.UserRepository; If you want this repository to be a Redis repository, consider annotating your entities with one of these annotations: org.springframework.data.redis.core.RedisHash (preferred), or consider extending one of the following types with your repository: org.springframework.data.keyvalue.repository.KeyValueRepository
2026-09-01 18:03:51.472 INFO  [main] o.s.d.r.c.RepositoryConfigurationDelegate - Finished Spring Data repository scanning in 16 ms. Found 0 Redis repository interfaces.
2026-09-01 18:03:52.555 INFO  [main] o.s.boot.tomcat.TomcatWebServer - Tomcat initialized with port 8080 (http)
2026-09-01 18:03:52.570 INFO  [main] o.a.coyote.http11.Http11NioProtocol - Initializing ProtocolHandler ["http-nio-8080"]
2026-09-01 18:03:52.573 INFO  [main] o.a.catalina.core.StandardService - Starting service [Tomcat]
2026-09-01 18:03:52.573 INFO  [main] o.a.catalina.core.StandardEngine - Starting Servlet engine: [Apache Tomcat/11.0.22]
2026-09-01 18:03:52.699 INFO  [main] o.s.b.w.c.s.WebApplicationContextInitializer - Root WebApplicationContext: initialization completed in 3425 ms
2026-09-01 18:03:53.061 INFO  [main] org.hibernate.orm.jpa - HHH008540: Processing PersistenceUnitInfo [name: default]
2026-09-01 18:03:53.127 INFO  [main] org.hibernate.orm.core - HHH000001: Hibernate ORM core version 7.4.1.Final
2026-09-01 18:03:53.727 INFO  [main] o.s.o.j.p.SpringPersistenceUnitInfo - No LoadTimeWeaver setup: ignoring JPA class transformer
2026-09-01 18:03:53.772 INFO  [main] com.zaxxer.hikari.HikariDataSource - HikariPool-1 - Starting...
2026-09-01 18:03:54.205 INFO  [main] com.zaxxer.hikari.pool.HikariPool - HikariPool-1 - Added connection com.mysql.cj.jdbc.ConnectionImpl@74901d7
2026-09-01 18:03:54.207 INFO  [main] com.zaxxer.hikari.HikariDataSource - HikariPool-1 - Start completed.
2026-09-01 18:03:54.310 INFO  [main] o.hibernate.orm.connections.pooling - HHH10001005: Database info:
	Database JDBC URL [jdbc:mysql://localhost:3306/ecommercespring_db]
	Database driver: MySQL Connector/J
	Database dialect: MySQLDialect
	Database version: 8.0.39
	Default catalog/schema: ecommercespring_db/undefined
	Autocommit mode: undefined/unknown
	Isolation level: REPEATABLE_READ [default REPEATABLE_READ]
	JDBC fetch size: none
	Pool: DataSourceConnectionProvider
	Minimum pool size: undefined/unknown
	Maximum pool size: undefined/unknown
2026-09-01 18:03:55.746 INFO  [main] org.hibernate.orm.core - HHH000489: No JTA platform available (set 'hibernate.transaction.jta.platform' to enable JTA platform integration)
2026-09-01 18:03:55.898 INFO  [main] o.s.o.j.LocalContainerEntityManagerFactoryBean - Initialized JPA EntityManagerFactory for persistence unit 'default'
2026-09-01 18:03:55.996 INFO  [main] o.s.d.j.r.q.QueryEnhancerFactories - Hibernate is in classpath; If applicable, HQL parser will be used.
2026-09-01 18:03:57.019 INFO  [main] o.s.s.c.a.a.c.InitializeUserDetailsBeanManagerConfigurer$InitializeUserDetailsManagerConfigurer - Global AuthenticationManager configured with UserDetailsService bean with name customerUserDetailsService
2026-09-01 18:03:57.463 WARN  [main] o.s.b.j.a.JpaBaseConfiguration$JpaWebConfiguration - spring.jpa.open-in-view is enabled by default. Therefore, database queries may be performed during view rendering. Explicitly configure spring.jpa.open-in-view to disable this warning
2026-09-01 18:03:59.417 INFO  [main] o.s.b.a.e.web.EndpointLinksResolver - Exposing 1 endpoint beneath base path '/actuator'
2026-09-01 18:03:59.557 INFO  [main] o.a.coyote.http11.Http11NioProtocol - Starting ProtocolHandler ["http-nio-8080"]
2026-09-01 18:03:59.582 INFO  [main] o.s.boot.tomcat.TomcatWebServer - Tomcat started on port 8080 (http) with context path '/'
2026-09-01 18:03:59.602 INFO  [main] c.a.ecommerce.ECommerceApplication - Started ECommerceApplication in 11.457 seconds (process running for 12.43)
2026-09-01 18:03:59.832 WARN  [scheduling-1] c.a.e.scheduler.InventoryScheduler - LOW STOCK ALERT: productId=25,productName=Sony WH-1000XM6,quantity=18
2026-09-01 18:03:59.832 WARN  [scheduling-1] c.a.e.scheduler.InventoryScheduler - LOW STOCK ALERT: productId=27,productName=Samsung Galaxy S26,quantity=12
2026-09-01 18:04:02.121 INFO  [http-nio-8080-exec-1] o.a.c.c.C.[Tomcat].[localhost].[/] - Initializing Spring DispatcherServlet 'dispatcherServlet'
2026-09-01 18:04:02.121 INFO  [http-nio-8080-exec-1] o.s.web.servlet.DispatcherServlet - Initializing Servlet 'dispatcherServlet'
2026-09-01 18:04:02.124 INFO  [http-nio-8080-exec-1] o.s.web.servlet.DispatcherServlet - Completed initialization in 3 ms
2026-09-01 18:04:02.187 INFO  [http-nio-8080-exec-1] c.a.e.config.RequestLoggingFilter - HTTP Request:method=GET url=/swagger-ui/index.html
2026-09-01 18:04:02.259 INFO  [http-nio-8080-exec-1] c.a.e.config.RequestLoggingFilter - HTTP Response: method=GET uri=/swagger-ui/index.html status=200 duration={]ms
2026-09-01 18:04:02.315 INFO  [http-nio-8080-exec-4] c.a.e.config.RequestLoggingFilter - HTTP Request:method=GET url=/swagger-ui/index.css
2026-09-01 18:04:02.316 INFO  [http-nio-8080-exec-2] c.a.e.config.RequestLoggingFilter - HTTP Request:method=GET url=/swagger-ui/swagger-ui.css
2026-09-01 18:04:02.318 INFO  [http-nio-8080-exec-3] c.a.e.config.RequestLoggingFilter - HTTP Request:method=GET url=/swagger-ui/swagger-ui-bundle.js
2026-09-01 18:04:02.322 INFO  [http-nio-8080-exec-6] c.a.e.config.RequestLoggingFilter - HTTP Request:method=GET url=/swagger-ui/swagger-initializer.js
2026-09-01 18:04:02.324 INFO  [http-nio-8080-exec-5] c.a.e.config.RequestLoggingFilter - HTTP Request:method=GET url=/swagger-ui/swagger-ui-standalone-preset.js
2026-09-01 18:04:02.327 INFO  [http-nio-8080-exec-4] c.a.e.config.RequestLoggingFilter - HTTP Response: method=GET uri=/swagger-ui/index.css status=200 duration={]ms
2026-09-01 18:04:02.334 INFO  [http-nio-8080-exec-2] c.a.e.config.RequestLoggingFilter - HTTP Response: method=GET uri=/swagger-ui/swagger-ui.css status=200 duration={]ms
2026-09-01 18:04:02.345 INFO  [http-nio-8080-exec-5] c.a.e.config.RequestLoggingFilter - HTTP Response: method=GET uri=/swagger-ui/swagger-ui-standalone-preset.js status=200 duration={]ms
2026-09-01 18:04:02.365 INFO  [http-nio-8080-exec-3] c.a.e.config.RequestLoggingFilter - HTTP Response: method=GET uri=/swagger-ui/swagger-ui-bundle.js status=200 duration={]ms
2026-09-01 18:04:02.407 INFO  [http-nio-8080-exec-6] c.a.e.config.RequestLoggingFilter - HTTP Response: method=GET uri=/swagger-ui/swagger-initializer.js status=200 duration={]ms
2026-09-01 18:04:02.590 INFO  [http-nio-8080-exec-7] c.a.e.config.RequestLoggingFilter - HTTP Request:method=GET url=/v3/api-docs/swagger-config
2026-09-01 18:04:02.600 INFO  [http-nio-8080-exec-8] c.a.e.config.RequestLoggingFilter - HTTP Request:method=GET url=/swagger-ui/favicon-32x32.png
2026-09-01 18:04:02.607 INFO  [http-nio-8080-exec-8] c.a.e.config.RequestLoggingFilter - HTTP Response: method=GET uri=/swagger-ui/favicon-32x32.png status=200 duration={]ms
2026-09-01 18:04:02.715 INFO  [http-nio-8080-exec-7] c.a.e.config.RequestLoggingFilter - HTTP Response: method=GET uri=/v3/api-docs/swagger-config status=200 duration={]ms
2026-09-01 18:04:02.767 INFO  [http-nio-8080-exec-9] c.a.e.config.RequestLoggingFilter - HTTP Request:method=GET url=/v3/api-docs
2026-09-01 18:04:03.704 INFO  [http-nio-8080-exec-9] o.s.api.AbstractOpenApiResource - Init duration for springdoc-openapi is: 903 ms
2026-09-01 18:04:03.770 INFO  [http-nio-8080-exec-9] c.a.e.config.RequestLoggingFilter - HTTP Response: method=GET uri=/v3/api-docs status=200 duration={]ms
2026-09-01 18:04:40.713 INFO  [http-nio-8080-exec-10] c.a.e.config.RequestLoggingFilter - HTTP Request:method=POST url=/api/v1/orders
2026-09-01 18:04:40.866 WARN  [http-nio-8080-exec-10] o.h.v.i.m.a.CascadingMetaDataBuilder - HV000271: Using `@Valid` on a container (java.util.List) is deprecated. You should apply the annotation on the type argument(s). Affected element: items
2026-09-01 18:04:41.064 INFO  [http-nio-8080-exec-10] c.a.ecommerce.service.OrderService - Creating new order with email =ashirshaikh231@gmail.com and item=1
2026-09-01 18:04:41.212 INFO  [http-nio-8080-exec-10] c.a.ecommerce.service.OrderService - Order created successfully: orderId=24
2026-09-01 18:04:41.251 INFO  [email-1] c.a.e.event.OrderEventListener - Processing OrderCreatedEvent: orderId=ORD-1419072f-e541-4343-957c-5aa7c0f60581
2026-09-01 18:04:41.301 INFO  [http-nio-8080-exec-10] c.a.e.config.RequestLoggingFilter - HTTP Response: method=POST uri=/api/v1/orders status=201 duration={]ms
2026-09-01 18:04:48.389 INFO  [email-1] c.a.ecommerce.service.EmailService - Email sent successfully. sendemail=ashirshaikh231@gmail.com, subject=Order Confirmed -ORD-1419072f-e541-4343-957c-5aa7c0f60581
2026-09-01 18:04:48.389 INFO  [email-1] c.a.ecommerce.service.EmailService - Order confirmed email sent
2026-09-01 18:05:59.656 INFO  [scheduling-1] c.a.ecommerce.service.OrderService - Updating orderStatus with orderId =24
2026-09-01 18:05:59.682 INFO  [scheduling-1] c.a.ecommerce.service.OrderService - Restore inventory successfully with inventoryProductName=Sony WH-1000XM6 and productCount
2026-09-01 18:05:59.683 INFO  [scheduling-1] c.a.ecommerce.service.OrderService - cancelled orderId =24
2026-09-01 18:05:59.733 INFO  [email-2] c.a.e.event.OrderEventListener - Order created email sent: orderId=ORD-1419072f-e541-4343-957c-5aa7c0f60581
2026-09-01 18:05:59.733 INFO  [scheduling-1] c.a.e.scheduler.OrderScheduler - Expired order cancelled.orderNumber=ORD-1419072f-e541-4343-957c-5aa7c0f60581
2026-09-01 18:06:13.575 INFO  [email-2] c.a.ecommerce.service.EmailService - Email sent successfully. sendemail=ashirshaikh231@gmail.com, subject=Order Cancelled - ORD-1419072f-e541-4343-957c-5aa7c0f60581
2026-09-01 18:13:53.221 INFO  [SpringApplicationShutdownHook] o.s.boot.tomcat.GracefulShutdown - Commencing graceful shutdown. Waiting for active requests to complete
2026-09-01 18:13:53.237 INFO  [tomcat-shutdown] o.s.boot.tomcat.GracefulShutdown - Graceful shutdown complete
2026-09-01 18:13:53.273 INFO  [SpringApplicationShutdownHook] o.s.o.j.LocalContainerEntityManagerFactoryBean - Closing JPA EntityManagerFactory for persistence unit 'default'
2026-09-01 18:13:53.279 INFO  [SpringApplicationShutdownHook] com.zaxxer.hikari.HikariDataSource - HikariPool-1 - Shutdown initiated...
2026-09-01 18:13:53.291 INFO  [SpringApplicationShutdownHook] com.zaxxer.hikari.HikariDataSource - HikariPool-1 - Shutdown completed.
2026-09-01 18:24:37.220 INFO  [main] [] c.a.ecommerce.ECommerceApplication - Starting ECommerceApplication using Java 21.0.11 with PID 12592 (C:\Users\Ashir\IdeaProjects\e-commerce\target\classes started by Ashir in C:\Users\Ashir\IdeaProjects\e-commerce)
2026-09-01 18:24:37.223 INFO  [main] [] c.a.ecommerce.ECommerceApplication - No active profile set, falling back to 1 default profile: "default"
2026-09-01 18:24:37.859 INFO  [background-preinit] [] o.h.validator.internal.util.Version - HV000001: Hibernate Validator 9.1.0.Final
2026-09-01 18:24:39.064 INFO  [main] [] o.s.d.r.c.RepositoryConfigurationDelegate - Multiple Spring Data modules found, entering strict repository configuration mode
2026-09-01 18:24:39.067 INFO  [main] [] o.s.d.r.c.RepositoryConfigurationDelegate - Bootstrapping Spring Data JPA repositories in DEFAULT mode.
2026-09-01 18:24:39.324 INFO  [main] [] o.s.d.r.c.RepositoryConfigurationDelegate - Finished Spring Data repository scanning in 241 ms. Found 5 JPA repository interfaces.
2026-09-01 18:24:39.353 INFO  [main] [] o.s.d.r.c.RepositoryConfigurationDelegate - Multiple Spring Data modules found, entering strict repository configuration mode
2026-09-01 18:24:39.354 INFO  [main] [] o.s.d.r.c.RepositoryConfigurationDelegate - Bootstrapping Spring Data Redis repositories in DEFAULT mode.
2026-09-01 18:24:39.381 INFO  [main] [] o.s.d.r.c.RepositoryConfigurationExtensionSupport - Spring Data Redis - Could not safely identify store assignment for repository candidate interface com.aashir.ecommerce.repository.InventoryRepository; If you want this repository to be a Redis repository, consider annotating your entities with one of these annotations: org.springframework.data.redis.core.RedisHash (preferred), or consider extending one of the following types with your repository: org.springframework.data.keyvalue.repository.KeyValueRepository
2026-09-01 18:24:39.382 INFO  [main] [] o.s.d.r.c.RepositoryConfigurationExtensionSupport - Spring Data Redis - Could not safely identify store assignment for repository candidate interface com.aashir.ecommerce.repository.OrderItemRepository; If you want this repository to be a Redis repository, consider annotating your entities with one of these annotations: org.springframework.data.redis.core.RedisHash (preferred), or consider extending one of the following types with your repository: org.springframework.data.keyvalue.repository.KeyValueRepository
2026-09-01 18:24:39.383 INFO  [main] [] o.s.d.r.c.RepositoryConfigurationExtensionSupport - Spring Data Redis - Could not safely identify store assignment for repository candidate interface com.aashir.ecommerce.repository.OrderRepository; If you want this repository to be a Redis repository, consider annotating your entities with one of these annotations: org.springframework.data.redis.core.RedisHash (preferred), or consider extending one of the following types with your repository: org.springframework.data.keyvalue.repository.KeyValueRepository
2026-09-01 18:24:39.383 INFO  [main] [] o.s.d.r.c.RepositoryConfigurationExtensionSupport - Spring Data Redis - Could not safely identify store assignment for repository candidate interface com.aashir.ecommerce.repository.ProductRepository; If you want this repository to be a Redis repository, consider annotating your entities with one of these annotations: org.springframework.data.redis.core.RedisHash (preferred), or consider extending one of the following types with your repository: org.springframework.data.keyvalue.repository.KeyValueRepository
2026-09-01 18:24:39.383 INFO  [main] [] o.s.d.r.c.RepositoryConfigurationExtensionSupport - Spring Data Redis - Could not safely identify store assignment for repository candidate interface com.aashir.ecommerce.repository.UserRepository; If you want this repository to be a Redis repository, consider annotating your entities with one of these annotations: org.springframework.data.redis.core.RedisHash (preferred), or consider extending one of the following types with your repository: org.springframework.data.keyvalue.repository.KeyValueRepository
2026-09-01 18:24:39.383 INFO  [main] [] o.s.d.r.c.RepositoryConfigurationDelegate - Finished Spring Data repository scanning in 15 ms. Found 0 Redis repository interfaces.
2026-09-01 18:24:40.370 INFO  [main] [] o.s.boot.tomcat.TomcatWebServer - Tomcat initialized with port 8080 (http)
2026-09-01 18:24:40.386 INFO  [main] [] o.a.coyote.http11.Http11NioProtocol - Initializing ProtocolHandler ["http-nio-8080"]
2026-09-01 18:24:40.389 INFO  [main] [] o.a.catalina.core.StandardService - Starting service [Tomcat]
2026-09-01 18:24:40.390 INFO  [main] [] o.a.catalina.core.StandardEngine - Starting Servlet engine: [Apache Tomcat/11.0.22]
2026-09-01 18:24:40.512 INFO  [main] [] o.s.b.w.c.s.WebApplicationContextInitializer - Root WebApplicationContext: initialization completed in 3205 ms
2026-09-01 18:24:40.891 INFO  [main] [] org.hibernate.orm.jpa - HHH008540: Processing PersistenceUnitInfo [name: default]
2026-09-01 18:24:40.956 INFO  [main] [] org.hibernate.orm.core - HHH000001: Hibernate ORM core version 7.4.1.Final
2026-09-01 18:24:41.508 INFO  [main] [] o.s.o.j.p.SpringPersistenceUnitInfo - No LoadTimeWeaver setup: ignoring JPA class transformer
2026-09-01 18:24:41.552 INFO  [main] [] com.zaxxer.hikari.HikariDataSource - HikariPool-1 - Starting...
2026-09-01 18:24:41.977 INFO  [main] [] com.zaxxer.hikari.pool.HikariPool - HikariPool-1 - Added connection com.mysql.cj.jdbc.ConnectionImpl@74901d7
2026-09-01 18:24:41.979 INFO  [main] [] com.zaxxer.hikari.HikariDataSource - HikariPool-1 - Start completed.
2026-09-01 18:24:42.088 INFO  [main] [] o.hibernate.orm.connections.pooling - HHH10001005: Database info:
	Database JDBC URL [jdbc:mysql://localhost:3306/ecommercespring_db]
	Database driver: MySQL Connector/J
	Database dialect: MySQLDialect
	Database version: 8.0.39
	Default catalog/schema: ecommercespring_db/undefined
	Autocommit mode: undefined/unknown
	Isolation level: REPEATABLE_READ [default REPEATABLE_READ]
	JDBC fetch size: none
	Pool: DataSourceConnectionProvider
	Minimum pool size: undefined/unknown
	Maximum pool size: undefined/unknown
2026-09-01 18:24:43.589 INFO  [main] [] org.hibernate.orm.core - HHH000489: No JTA platform available (set 'hibernate.transaction.jta.platform' to enable JTA platform integration)
2026-09-01 18:24:43.765 INFO  [main] [] o.s.o.j.LocalContainerEntityManagerFactoryBean - Initialized JPA EntityManagerFactory for persistence unit 'default'
2026-09-01 18:24:43.877 INFO  [main] [] o.s.d.j.r.q.QueryEnhancerFactories - Hibernate is in classpath; If applicable, HQL parser will be used.
2026-09-01 18:24:45.020 INFO  [main] [] o.s.s.c.a.a.c.InitializeUserDetailsBeanManagerConfigurer$InitializeUserDetailsManagerConfigurer - Global AuthenticationManager configured with UserDetailsService bean with name customerUserDetailsService
2026-09-01 18:24:45.447 WARN  [main] [] o.s.b.j.a.JpaBaseConfiguration$JpaWebConfiguration - spring.jpa.open-in-view is enabled by default. Therefore, database queries may be performed during view rendering. Explicitly configure spring.jpa.open-in-view to disable this warning
2026-09-01 18:24:47.465 INFO  [main] [] o.s.b.a.e.web.EndpointLinksResolver - Exposing 1 endpoint beneath base path '/actuator'
2026-09-01 18:24:47.625 INFO  [main] [] o.a.coyote.http11.Http11NioProtocol - Starting ProtocolHandler ["http-nio-8080"]
2026-09-01 18:24:47.668 INFO  [main] [] o.s.boot.tomcat.TomcatWebServer - Tomcat started on port 8080 (http) with context path '/'
2026-09-01 18:24:47.685 INFO  [main] [] c.a.ecommerce.ECommerceApplication - Started ECommerceApplication in 11.4 seconds (process running for 12.324)
2026-09-01 18:24:47.906 WARN  [scheduling-1] [] c.a.e.scheduler.InventoryScheduler - LOW STOCK ALERT: productId=25,productName=Sony WH-1000XM6,quantity=18
2026-09-01 18:24:47.906 WARN  [scheduling-1] [] c.a.e.scheduler.InventoryScheduler - LOW STOCK ALERT: productId=27,productName=Samsung Galaxy S26,quantity=12
2026-09-01 18:24:53.594 INFO  [http-nio-8080-exec-1] [] o.a.c.c.C.[Tomcat].[localhost].[/] - Initializing Spring DispatcherServlet 'dispatcherServlet'
2026-09-01 18:24:53.595 INFO  [http-nio-8080-exec-1] [] o.s.web.servlet.DispatcherServlet - Initializing Servlet 'dispatcherServlet'
2026-09-01 18:24:53.598 INFO  [http-nio-8080-exec-1] [] o.s.web.servlet.DispatcherServlet - Completed initialization in 3 ms
2026-09-01 18:24:53.661 INFO  [http-nio-8080-exec-1] [] c.a.e.config.RequestLoggingFilter - HTTP Request:method=GET url=/swagger-ui/index.html
2026-09-01 18:24:53.732 INFO  [http-nio-8080-exec-1] [] c.a.e.config.RequestLoggingFilter - HTTP Response: method=GET uri=/swagger-ui/index.html status=200 duration={]ms
2026-09-01 18:24:53.786 INFO  [http-nio-8080-exec-3] [] c.a.e.config.RequestLoggingFilter - HTTP Request:method=GET url=/swagger-ui/index.css
2026-09-01 18:24:53.787 INFO  [http-nio-8080-exec-2] [] c.a.e.config.RequestLoggingFilter - HTTP Request:method=GET url=/swagger-ui/swagger-ui.css
2026-09-01 18:24:53.789 INFO  [http-nio-8080-exec-5] [] c.a.e.config.RequestLoggingFilter - HTTP Request:method=GET url=/swagger-ui/swagger-ui-standalone-preset.js
2026-09-01 18:24:53.789 INFO  [http-nio-8080-exec-4] [] c.a.e.config.RequestLoggingFilter - HTTP Request:method=GET url=/swagger-ui/swagger-ui-bundle.js
2026-09-01 18:24:53.789 INFO  [http-nio-8080-exec-6] [] c.a.e.config.RequestLoggingFilter - HTTP Request:method=GET url=/swagger-ui/swagger-initializer.js
2026-09-01 18:24:53.796 INFO  [http-nio-8080-exec-3] [] c.a.e.config.RequestLoggingFilter - HTTP Response: method=GET uri=/swagger-ui/index.css status=200 duration={]ms
2026-09-01 18:24:53.799 INFO  [http-nio-8080-exec-2] [] c.a.e.config.RequestLoggingFilter - HTTP Response: method=GET uri=/swagger-ui/swagger-ui.css status=200 duration={]ms
2026-09-01 18:24:53.808 INFO  [http-nio-8080-exec-5] [] c.a.e.config.RequestLoggingFilter - HTTP Response: method=GET uri=/swagger-ui/swagger-ui-standalone-preset.js status=200 duration={]ms
2026-09-01 18:24:53.833 INFO  [http-nio-8080-exec-4] [] c.a.e.config.RequestLoggingFilter - HTTP Response: method=GET uri=/swagger-ui/swagger-ui-bundle.js status=200 duration={]ms
2026-09-01 18:24:53.883 INFO  [http-nio-8080-exec-6] [] c.a.e.config.RequestLoggingFilter - HTTP Response: method=GET uri=/swagger-ui/swagger-initializer.js status=200 duration={]ms
2026-09-01 18:24:54.062 INFO  [http-nio-8080-exec-7] [] c.a.e.config.RequestLoggingFilter - HTTP Request:method=GET url=/v3/api-docs/swagger-config
2026-09-01 18:24:54.070 INFO  [http-nio-8080-exec-8] [] c.a.e.config.RequestLoggingFilter - HTTP Request:method=GET url=/swagger-ui/favicon-32x32.png
2026-09-01 18:24:54.080 INFO  [http-nio-8080-exec-8] [] c.a.e.config.RequestLoggingFilter - HTTP Response: method=GET uri=/swagger-ui/favicon-32x32.png status=200 duration={]ms
2026-09-01 18:24:54.164 INFO  [http-nio-8080-exec-7] [] c.a.e.config.RequestLoggingFilter - HTTP Response: method=GET uri=/v3/api-docs/swagger-config status=200 duration={]ms
2026-09-01 18:24:54.213 INFO  [http-nio-8080-exec-9] [] c.a.e.config.RequestLoggingFilter - HTTP Request:method=GET url=/v3/api-docs
2026-09-01 18:24:55.216 INFO  [http-nio-8080-exec-9] [] o.s.api.AbstractOpenApiResource - Init duration for springdoc-openapi is: 976 ms
2026-09-01 18:24:55.285 INFO  [http-nio-8080-exec-9] [] c.a.e.config.RequestLoggingFilter - HTTP Response: method=GET uri=/v3/api-docs status=200 duration={]ms
2026-09-01 18:25:34.328 INFO  [http-nio-8080-exec-10] [] c.a.e.config.RequestLoggingFilter - HTTP Request:method=POST url=/api/v1/orders
2026-09-01 18:25:34.459 WARN  [http-nio-8080-exec-10] [] o.h.v.i.m.a.CascadingMetaDataBuilder - HV000271: Using `@Valid` on a container (java.util.List) is deprecated. You should apply the annotation on the type argument(s). Affected element: items
2026-09-01 18:25:34.689 INFO  [http-nio-8080-exec-10] [] c.a.ecommerce.service.OrderService - Creating new order with email =ashirshaikh231@gmail.com and item=1
2026-09-01 18:25:34.838 INFO  [http-nio-8080-exec-10] [] c.a.ecommerce.service.OrderService - Order created successfully: orderId=25
2026-09-01 18:25:34.881 INFO  [email-1] [] c.a.e.event.OrderEventListener - Processing OrderCreatedEvent: orderId=ORD-1013ae30-b10c-491b-80f2-77371e05f939
2026-09-01 18:25:34.930 INFO  [http-nio-8080-exec-10] [] c.a.e.config.RequestLoggingFilter - HTTP Response: method=POST uri=/api/v1/orders status=201 duration={]ms
2026-09-01 18:25:41.425 INFO  [email-1] [] c.a.ecommerce.service.EmailService - Email sent successfully. sendemail=ashirshaikh231@gmail.com, subject=Order Confirmed -ORD-1013ae30-b10c-491b-80f2-77371e05f939
2026-09-01 18:25:41.425 INFO  [email-1] [] c.a.ecommerce.service.EmailService - Order confirmed email sent
2026-09-01 18:26:47.712 INFO  [scheduling-1] [] c.a.ecommerce.service.OrderService - Updating orderStatus with orderId =25
2026-09-01 18:26:47.735 INFO  [scheduling-1] [] c.a.ecommerce.service.OrderService - Restore inventory successfully with inventoryProductName=Logitech MX Master 4 and productCount
2026-09-01 18:26:47.735 INFO  [scheduling-1] [] c.a.ecommerce.service.OrderService - cancelled orderId =25
2026-09-01 18:26:47.784 INFO  [scheduling-1] [] c.a.e.scheduler.OrderScheduler - Expired order cancelled.orderNumber=ORD-1013ae30-b10c-491b-80f2-77371e05f939
2026-09-01 18:26:47.785 INFO  [email-2] [] c.a.e.event.OrderEventListener - Order created email sent: orderId=ORD-1013ae30-b10c-491b-80f2-77371e05f939
2026-09-01 18:26:52.478 INFO  [email-2] [] c.a.ecommerce.service.EmailService - Email sent successfully. sendemail=ashirshaikh231@gmail.com, subject=Order Cancelled - ORD-1013ae30-b10c-491b-80f2-77371e05f939
2026-09-01 18:30:04.900 INFO  [SpringApplicationShutdownHook] [] o.s.boot.tomcat.GracefulShutdown - Commencing graceful shutdown. Waiting for active requests to complete
2026-09-01 18:30:04.912 INFO  [tomcat-shutdown] [] o.s.boot.tomcat.GracefulShutdown - Graceful shutdown complete
2026-09-01 18:30:04.946 INFO  [SpringApplicationShutdownHook] [] o.s.o.j.LocalContainerEntityManagerFactoryBean - Closing JPA EntityManagerFactory for persistence unit 'default'
2026-09-01 18:30:04.950 INFO  [SpringApplicationShutdownHook] [] com.zaxxer.hikari.HikariDataSource - HikariPool-1 - Shutdown initiated...
2026-09-01 18:30:04.961 INFO  [SpringApplicationShutdownHook] [] com.zaxxer.hikari.HikariDataSource - HikariPool-1 - Shutdown completed.
{"@timestamp":"2026-09-01T18:36:27.2173384+05:30","@version":"1","message":"Starting ECommerceApplication using Java 21.0.11 with PID 10628 (C:\\Users\\Ashir\\IdeaProjects\\e-commerce\\target\\classes started by Ashir in C:\\Users\\Ashir\\IdeaProjects\\e-commerce)","logger_name":"com.aashir.ecommerce.ECommerceApplication","thread_name":"main","level":"INFO","level_value":20000,"tags":["COMMONS-LOGGING"]}
{"@timestamp":"2026-09-01T18:36:27.2333178+05:30","@version":"1","message":"No active profile set, falling back to 1 default profile: \"default\"","logger_name":"com.aashir.ecommerce.ECommerceApplication","thread_name":"main","level":"INFO","level_value":20000,"tags":["COMMONS-LOGGING"]}
{"@timestamp":"2026-09-01T18:36:30.0863433+05:30","@version":"1","message":"Initializing ProtocolHandler [\"http-nio-8080\"]","logger_name":"org.apache.coyote.http11.Http11NioProtocol","thread_name":"main","level":"INFO","level_value":20000}
{"@timestamp":"2026-09-01T18:36:30.0884142+05:30","@version":"1","message":"Starting service [Tomcat]","logger_name":"org.apache.catalina.core.StandardService","thread_name":"main","level":"INFO","level_value":20000}
{"@timestamp":"2026-09-01T18:36:30.0884142+05:30","@version":"1","message":"Starting Servlet engine: [Apache Tomcat/11.0.22]","logger_name":"org.apache.catalina.core.StandardEngine","thread_name":"main","level":"INFO","level_value":20000}
{"@timestamp":"2026-09-01T18:36:35.2388492+05:30","@version":"1","message":"spring.jpa.open-in-view is enabled by default. Therefore, database queries may be performed during view rendering. Explicitly configure spring.jpa.open-in-view to disable this warning","logger_name":"org.springframework.boot.jpa.autoconfigure.JpaBaseConfiguration$JpaWebConfiguration","thread_name":"main","level":"WARN","level_value":30000,"tags":["COMMONS-LOGGING"]}
{"@timestamp":"2026-09-01T18:36:37.2494172+05:30","@version":"1","message":"Starting ProtocolHandler [\"http-nio-8080\"]","logger_name":"org.apache.coyote.http11.Http11NioProtocol","thread_name":"main","level":"INFO","level_value":20000}
{"@timestamp":"2026-09-01T18:36:37.2941778+05:30","@version":"1","message":"Started ECommerceApplication in 11.042 seconds (process running for 11.84)","logger_name":"com.aashir.ecommerce.ECommerceApplication","thread_name":"main","level":"INFO","level_value":20000,"tags":["COMMONS-LOGGING"]}
{"@timestamp":"2026-09-01T18:36:37.522939+05:30","@version":"1","message":"LOW STOCK ALERT: productId=25,productName=Sony WH-1000XM6,quantity=18","logger_name":"com.aashir.ecommerce.scheduler.InventoryScheduler","thread_name":"scheduling-1","level":"WARN","level_value":30000}
{"@timestamp":"2026-09-01T18:36:37.522939+05:30","@version":"1","message":"LOW STOCK ALERT: productId=27,productName=Samsung Galaxy S26,quantity=12","logger_name":"com.aashir.ecommerce.scheduler.InventoryScheduler","thread_name":"scheduling-1","level":"WARN","level_value":30000}
{"@timestamp":"2026-09-01T18:36:42.1020888+05:30","@version":"1","message":"Initializing Spring DispatcherServlet 'dispatcherServlet'","logger_name":"org.apache.catalina.core.ContainerBase.[Tomcat].[localhost].[/]","thread_name":"http-nio-8080-exec-1","level":"INFO","level_value":20000}
{"@timestamp":"2026-09-01T18:36:42.3893235+05:30","@version":"1","message":"Servlet.service() for servlet [dispatcherServlet] in context with path [] threw exception","logger_name":"org.apache.catalina.core.ContainerBase.[Tomcat].[localhost].[/].[dispatcherServlet]","thread_name":"http-nio-8080-exec-1","level":"ERROR","level_value":40000,"stack_trace":"io.jsonwebtoken.ExpiredJwtException: JWT expired 629383 milliseconds ago at 2026-09-01T12:56:13.000Z. Current time: 2026-09-01T13:06:42.383Z. Allowed clock skew: 0 milliseconds.\r\n\tat io.jsonwebtoken.impl.DefaultJwtParser.parse(DefaultJwtParser.java:691)\r\n\tat io.jsonwebtoken.impl.DefaultJwtParser.parse(DefaultJwtParser.java:364)\r\n\tat io.jsonwebtoken.impl.DefaultJwtParser.parse(DefaultJwtParser.java:94)\r\n\tat io.jsonwebtoken.impl.io.AbstractParser.parse(AbstractParser.java:36)\r\n\tat io.jsonwebtoken.impl.io.AbstractParser.parse(AbstractParser.java:29)\r\n\tat io.jsonwebtoken.impl.DefaultJwtParser.parseSignedClaims(DefaultJwtParser.java:830)\r\n\tat io.jsonwebtoken.impl.DefaultJwtParser.parseClaimsJws(DefaultJwtParser.java:806)\r\n\tat com.aashir.ecommerce.security.JwtService.extractAllClaims(JwtService.java:50)\r\n\tat com.aashir.ecommerce.security.JwtService.extractClaim(JwtService.java:42)\r\n\tat com.aashir.ecommerce.security.JwtService.extractUsername(JwtService.java:34)\r\n\tat com.aashir.ecommerce.security.JwtAuthenticationFilter.doFilterInternal(JwtAuthenticationFilter.java:40)\r\n\tat org.springframework.web.filter.OncePerRequestFilter.doFilter(OncePerRequestFilter.java:116)\r\n\tat org.springframework.security.web.ObservationFilterChainDecorator$ObservationFilter.wrapFilter(ObservationFilterChainDecorator.java:243)\r\n\tat org.springframework.security.web.ObservationFilterChainDecorator$ObservationFilter.doFilter(ObservationFilterChainDecorator.java:230)\r\n\tat org.springframework.security.web.ObservationFilterChainDecorator$VirtualFilterChain.doFilter(ObservationFilterChainDecorator.java:140)\r\n\tat org.springframework.security.web.authentication.logout.LogoutFilter.doFilter(LogoutFilter.java:110)\r\n\tat org.springframework.security.web.authentication.logout.LogoutFilter.doFilter(LogoutFilter.java:96)\r\n\tat org.springframework.security.web.ObservationFilterChainDecorator$ObservationFilter.wrapFilter(ObservationFilterChainDecorator.java:243)\r\n\tat org.springframework.security.web.ObservationFilterChainDecorator$ObservationFilter.doFilter(ObservationFilterChainDecorator.java:230)\r\n\tat org.springframework.security.web.ObservationFilterChainDecorator$VirtualFilterChain.doFilter(ObservationFilterChainDecorator.java:140)\r\n\tat org.springframework.security.web.header.HeaderWriterFilter.doHeadersAfter(HeaderWriterFilter.java:90)\r\n\tat org.springframework.security.web.header.HeaderWriterFilter.doFilterInternal(HeaderWriterFilter.java:75)\r\n\tat org.springframework.web.filter.OncePerRequestFilter.doFilter(OncePerRequestFilter.java:116)\r\n\tat org.springframework.security.web.ObservationFilterChainDecorator$ObservationFilter.wrapFilter(ObservationFilterChainDecorator.java:243)\r\n\tat org.springframework.security.web.ObservationFilterChainDecorator$ObservationFilter.doFilter(ObservationFilterChainDecorator.java:230)\r\n\tat org.springframework.security.web.ObservationFilterChainDecorator$VirtualFilterChain.doFilter(ObservationFilterChainDecorator.java:140)\r\n\tat org.springframework.security.web.context.SecurityContextHolderFilter.doFilter(SecurityContextHolderFilter.java:82)\r\n\tat org.springframework.security.web.context.SecurityContextHolderFilter.doFilter(SecurityContextHolderFilter.java:69)\r\n\tat org.springframework.security.web.ObservationFilterChainDecorator$ObservationFilter.wrapFilter(ObservationFilterChainDecorator.java:243)\r\n\tat org.springframework.security.web.ObservationFilterChainDecorator$ObservationFilter.doFilter(ObservationFilterChainDecorator.java:230)\r\n\tat org.springframework.security.web.ObservationFilterChainDecorator$VirtualFilterChain.doFilter(ObservationFilterChainDecorator.java:140)\r\n\tat org.springframework.security.web.context.request.async.WebAsyncManagerIntegrationFilter.doFilterInternal(WebAsyncManagerIntegrationFilter.java:62)\r\n\tat org.springframework.web.filter.OncePerRequestFilter.doFilter(OncePerRequestFilter.java:116)\r\n\tat org.springframework.security.web.ObservationFilterChainDecorator$ObservationFilter.wrapFilter(ObservationFilterChainDecorator.java:243)\r\n\tat org.springframework.security.web.ObservationFilterChainDecorator$ObservationFilter.doFilter(ObservationFilterChainDecorator.java:230)\r\n\tat org.springframework.security.web.ObservationFilterChainDecorator$VirtualFilterChain.doFilter(ObservationFilterChainDecorator.java:140)\r\n\tat org.springframework.security.web.session.DisableEncodeUrlFilter.doFilterInternal(DisableEncodeUrlFilter.java:42)\r\n\tat org.springframework.web.filter.OncePerRequestFilter.doFilter(OncePerRequestFilter.java:116)\r\n\tat org.springframework.security.web.ObservationFilterChainDecorator$ObservationFilter.wrapFilter(ObservationFilterChainDecorator.java:243)\r\n\tat org.springframework.security.web.ObservationFilterChainDecorator$AroundFilterObservation$SimpleAroundFilterObservation.lambda$wrap$0(ObservationFilterChainDecorator.java:336)\r\n\tat org.springframework.security.web.ObservationFilterChainDecorator$ObservationFilter.doFilter(ObservationFilterChainDecorator.java:227)\r\n\tat org.springframework.security.web.ObservationFilterChainDecorator$VirtualFilterChain.doFilter(ObservationFilterChainDecorator.java:140)\r\n\tat org.springframework.security.web.FilterChainProxy.doFilterInternal(FilterChainProxy.java:237)\r\n\tat org.springframework.security.web.FilterChainProxy.doFilter(FilterChainProxy.java:195)\r\n\tat org.springframework.web.filter.CompositeFilter$VirtualFilterChain.doFilter(CompositeFilter.java:113)\r\n\tat org.springframework.web.filter.ServletRequestPathFilter.doFilter(ServletRequestPathFilter.java:52)\r\n\tat org.springframework.web.filter.CompositeFilter$VirtualFilterChain.doFilter(CompositeFilter.java:113)\r\n\tat org.springframework.web.filter.CompositeFilter.doFilter(CompositeFilter.java:74)\r\n\tat org.springframework.security.config.annotation.web.configuration.WebSecurityConfiguration$CompositeFilterChainProxy.doFilter(WebSecurityConfiguration.java:317)\r\n\tat org.springframework.web.filter.DelegatingFilterProxy.invokeDelegate(DelegatingFilterProxy.java:355)\r\n\tat org.springframework.web.filter.DelegatingFilterProxy.doFilter(DelegatingFilterProxy.java:272)\r\n\tat org.apache.catalina.core.ApplicationFilterChain.doFilter(ApplicationFilterChain.java:107)\r\n\tat org.springframework.web.filter.RequestContextFilter.doFilterInternal(RequestContextFilter.java:100)\r\n\tat org.springframework.web.filter.OncePerRequestFilter.doFilter(OncePerRequestFilter.java:116)\r\n\tat org.apache.catalina.core.ApplicationFilterChain.doFilter(ApplicationFilterChain.java:107)\r\n\tat org.springframework.web.filter.FormContentFilter.doFilterInternal(FormContentFilter.java:93)\r\n\tat org.springframework.web.filter.OncePerRequestFilter.doFilter(OncePerRequestFilter.java:116)\r\n\tat org.apache.catalina.core.ApplicationFilterChain.doFilter(ApplicationFilterChain.java:107)\r\n\tat org.springframework.web.filter.ServerHttpObservationFilter.doFilterInternal(ServerHttpObservationFilter.java:110)\r\n\tat org.springframework.web.filter.OncePerRequestFilter.doFilter(OncePerRequestFilter.java:116)\r\n\tat org.apache.catalina.core.ApplicationFilterChain.doFilter(ApplicationFilterChain.java:107)\r\n\tat org.springframework.web.filter.CharacterEncodingFilter.doFilterInternal(CharacterEncodingFilter.java:199)\r\n\tat org.springframework.web.filter.OncePerRequestFilter.doFilter(OncePerRequestFilter.java:116)\r\n\tat org.apache.catalina.core.ApplicationFilterChain.doFilter(ApplicationFilterChain.java:107)\r\n\tat org.apache.catalina.core.StandardWrapperValve.invoke(StandardWrapperValve.java:165)\r\n\tat org.apache.catalina.core.StandardContextValve.invoke(StandardContextValve.java:77)\r\n\tat org.apache.catalina.authenticator.AuthenticatorBase.invoke(AuthenticatorBase.java:492)\r\n\tat org.apache.catalina.core.StandardHostValve.invoke(StandardHostValve.java:113)\r\n\tat org.apache.catalina.valves.ErrorReportValve.invoke(ErrorReportValve.java:83)\r\n\tat org.apache.catalina.core.StandardEngineValve.invoke(StandardEngineValve.java:72)\r\n\tat org.apache.catalina.connector.CoyoteAdapter.service(CoyoteAdapter.java:341)\r\n\tat org.apache.coyote.http11.Http11Processor.service(Http11Processor.java:397)\r\n\tat org.apache.coyote.AbstractProcessorLight.process(AbstractProcessorLight.java:63)\r\n\tat org.apache.coyote.AbstractProtocol$ConnectionHandler.process(AbstractProtocol.java:1272)\r\n\tat org.apache.tomcat.util.net.NioEndpoint$SocketProcessor.doRun(NioEndpoint.java:1801)\r\n\tat org.apache.tomcat.util.net.SocketProcessorBase.run(SocketProcessorBase.java:52)\r\n\tat org.apache.tomcat.util.threads.ThreadPoolExecutor.runWorker(ThreadPoolExecutor.java:946)\r\n\tat org.apache.tomcat.util.threads.ThreadPoolExecutor$Worker.run(ThreadPoolExecutor.java:480)\r\n\tat org.apache.tomcat.util.threads.TaskThread$WrappingRunnable.run(TaskThread.java:57)\r\n\tat java.base/java.lang.Thread.run(Thread.java:1583)\r\n"}
{"@timestamp":"2026-09-01T18:37:21.5553725+05:30","@version":"1","message":"HTTP Request: method=POST uri=/auth/login","logger_name":"com.aashir.ecommerce.config.RequestLoggingFilter","thread_name":"http-nio-8080-exec-2","level":"INFO","level_value":20000,"requestId":"91bb9c81-6d94-4ac2-9399-3d94b4c59120"}
{"@timestamp":"2026-09-01T18:37:22.4040535+05:30","@version":"1","message":"HTTP Response: method=POST uri=/auth/login status=200 duration=849ms","logger_name":"com.aashir.ecommerce.config.RequestLoggingFilter","thread_name":"http-nio-8080-exec-2","level":"INFO","level_value":20000,"requestId":"91bb9c81-6d94-4ac2-9399-3d94b4c59120"}
{"@timestamp":"2026-09-01T18:38:36.9545382+05:30","@version":"1","message":"HTTP Request: method=POST uri=/api/v1/orders","logger_name":"com.aashir.ecommerce.config.RequestLoggingFilter","thread_name":"http-nio-8080-exec-3","level":"INFO","level_value":20000,"requestId":"3e4152ce-4cea-4843-86e4-27551033922e"}
{"@timestamp":"2026-09-01T18:38:36.9907299+05:30","@version":"1","message":"HV000271: Using `@Valid` on a container (java.util.List) is deprecated. You should apply the annotation on the type argument(s). Affected element: items","logger_name":"org.hibernate.validator.internal.metadata.aggregated.CascadingMetaDataBuilder","thread_name":"http-nio-8080-exec-3","level":"WARN","level_value":30000,"requestId":"3e4152ce-4cea-4843-86e4-27551033922e"}
{"@timestamp":"2026-09-01T18:38:37.1219362+05:30","@version":"1","message":"Creating new order with email =ashirshaikh231@gmail.com and item=1","logger_name":"com.aashir.ecommerce.service.OrderService","thread_name":"http-nio-8080-exec-3","level":"INFO","level_value":20000,"requestId":"3e4152ce-4cea-4843-86e4-27551033922e"}
{"@timestamp":"2026-09-01T18:38:37.3065841+05:30","@version":"1","message":"Order created successfully: orderId=26","logger_name":"com.aashir.ecommerce.service.OrderService","thread_name":"http-nio-8080-exec-3","level":"INFO","level_value":20000,"requestId":"3e4152ce-4cea-4843-86e4-27551033922e"}
{"@timestamp":"2026-09-01T18:38:37.3499844+05:30","@version":"1","message":"Processing OrderCreatedEvent: orderId=ORD-8411b089-f8bc-4fb0-acc6-d51d6991c780","logger_name":"com.aashir.ecommerce.event.OrderEventListener","thread_name":"email-1","level":"INFO","level_value":20000}
{"@timestamp":"2026-09-01T18:38:37.3729703+05:30","@version":"1","message":"HTTP Response: method=POST uri=/api/v1/orders status=201 duration=418ms","logger_name":"com.aashir.ecommerce.config.RequestLoggingFilter","thread_name":"http-nio-8080-exec-3","level":"INFO","level_value":20000,"requestId":"3e4152ce-4cea-4843-86e4-27551033922e"}
{"@timestamp":"2026-09-01T18:38:54.3052567+05:30","@version":"1","message":"Email sent successfully. sendemail=ashirshaikh231@gmail.com, subject=Order Confirmed -ORD-8411b089-f8bc-4fb0-acc6-d51d6991c780","logger_name":"com.aashir.ecommerce.service.EmailService","thread_name":"email-1","level":"INFO","level_value":20000}
{"@timestamp":"2026-09-01T18:38:54.3052567+05:30","@version":"1","message":"Order confirmed email sent","logger_name":"com.aashir.ecommerce.service.EmailService","thread_name":"email-1","level":"INFO","level_value":20000}
{"@timestamp":"2026-09-01T18:39:37.3254759+05:30","@version":"1","message":"Updating orderStatus with orderId =26","logger_name":"com.aashir.ecommerce.service.OrderService","thread_name":"scheduling-1","level":"INFO","level_value":20000}
{"@timestamp":"2026-09-01T18:39:37.3503267+05:30","@version":"1","message":"Restore inventory successfully with inventoryProductName=Logitech MX Master 4 and productCount","logger_name":"com.aashir.ecommerce.service.OrderService","thread_name":"scheduling-1","level":"INFO","level_value":20000}
{"@timestamp":"2026-09-01T18:39:37.3503267+05:30","@version":"1","message":"cancelled orderId =26","logger_name":"com.aashir.ecommerce.service.OrderService","thread_name":"scheduling-1","level":"INFO","level_value":20000}
{"@timestamp":"2026-09-01T18:39:37.3978436+05:30","@version":"1","message":"Expired order cancelled.orderNumber=ORD-8411b089-f8bc-4fb0-acc6-d51d6991c780","logger_name":"com.aashir.ecommerce.scheduler.OrderScheduler","thread_name":"scheduling-1","level":"INFO","level_value":20000}
{"@timestamp":"2026-09-01T18:39:37.3978436+05:30","@version":"1","message":"Order created email sent: orderId=ORD-8411b089-f8bc-4fb0-acc6-d51d6991c780","logger_name":"com.aashir.ecommerce.event.OrderEventListener","thread_name":"email-2","level":"INFO","level_value":20000}
{"@timestamp":"2026-09-01T18:39:42.8861384+05:30","@version":"1","message":"Email sent successfully. sendemail=ashirshaikh231@gmail.com, subject=Order Cancelled - ORD-8411b089-f8bc-4fb0-acc6-d51d6991c780","logger_name":"com.aashir.ecommerce.service.EmailService","thread_name":"email-2","level":"INFO","level_value":20000}
{"@timestamp":"2026-09-01T19:08:14.4432548+05:30","@version":"1","message":"HikariPool-1 - Thread starvation or clock leap detected (housekeeper delta=21m12s449ms341µs900ns).","logger_name":"com.zaxxer.hikari.pool.HikariPool","thread_name":"HikariPool-1:housekeeper","level":"WARN","level_value":30000}
{"@timestamp":"2026-09-01T19:26:57.0395761+05:30","@version":"1","message":"Starting ECommerceApplication using Java 21.0.11 with PID 20164 (C:\\Users\\Ashir\\IdeaProjects\\e-commerce\\target\\classes started by Ashir in C:\\Users\\Ashir\\IdeaProjects\\e-commerce)","logger_name":"com.aashir.ecommerce.ECommerceApplication","thread_name":"main","level":"INFO","level_value":20000,"tags":["COMMONS-LOGGING"]}
{"@timestamp":"2026-09-01T19:26:57.0601225+05:30","@version":"1","message":"No active profile set, falling back to 1 default profile: \"default\"","logger_name":"com.aashir.ecommerce.ECommerceApplication","thread_name":"main","level":"INFO","level_value":20000,"tags":["COMMONS-LOGGING"]}
{"@timestamp":"2026-09-01T19:27:00.4360613+05:30","@version":"1","message":"Initializing ProtocolHandler [\"http-nio-8080\"]","logger_name":"org.apache.coyote.http11.Http11NioProtocol","thread_name":"main","level":"INFO","level_value":20000}
{"@timestamp":"2026-09-01T19:27:00.4395356+05:30","@version":"1","message":"Starting service [Tomcat]","logger_name":"org.apache.catalina.core.StandardService","thread_name":"main","level":"INFO","level_value":20000}
{"@timestamp":"2026-09-01T19:27:00.4395356+05:30","@version":"1","message":"Starting Servlet engine: [Apache Tomcat/11.0.22]","logger_name":"org.apache.catalina.core.StandardEngine","thread_name":"main","level":"INFO","level_value":20000}
{"@timestamp":"2026-09-01T19:27:05.7869234+05:30","@version":"1","message":"spring.jpa.open-in-view is enabled by default. Therefore, database queries may be performed during view rendering. Explicitly configure spring.jpa.open-in-view to disable this warning","logger_name":"org.springframework.boot.jpa.autoconfigure.JpaBaseConfiguration$JpaWebConfiguration","thread_name":"main","level":"WARN","level_value":30000,"tags":["COMMONS-LOGGING"]}
{"@timestamp":"2026-09-01T19:27:08.0645781+05:30","@version":"1","message":"Starting ProtocolHandler [\"http-nio-8080\"]","logger_name":"org.apache.coyote.http11.Http11NioProtocol","thread_name":"main","level":"INFO","level_value":20000}
{"@timestamp":"2026-09-01T19:27:08.1159865+05:30","@version":"1","message":"Started ECommerceApplication in 12.341 seconds (process running for 13.222)","logger_name":"com.aashir.ecommerce.ECommerceApplication","thread_name":"main","level":"INFO","level_value":20000,"tags":["COMMONS-LOGGING"]}
{"@timestamp":"2026-09-01T19:27:08.3528842+05:30","@version":"1","message":"LOW STOCK ALERT: productId=25,productName=Sony WH-1000XM6,quantity=18","logger_name":"com.aashir.ecommerce.scheduler.InventoryScheduler","thread_name":"scheduling-1","level":"WARN","level_value":30000}
{"@timestamp":"2026-09-01T19:27:08.3538876+05:30","@version":"1","message":"LOW STOCK ALERT: productId=27,productName=Samsung Galaxy S26,quantity=12","logger_name":"com.aashir.ecommerce.scheduler.InventoryScheduler","thread_name":"scheduling-1","level":"WARN","level_value":30000}
{"@timestamp":"2026-09-01T19:27:13.2257589+05:30","@version":"1","message":"Initializing Spring DispatcherServlet 'dispatcherServlet'","logger_name":"org.apache.catalina.core.ContainerBase.[Tomcat].[localhost].[/]","thread_name":"http-nio-8080-exec-2","level":"INFO","level_value":20000}
{"@timestamp":"2026-09-01T19:27:13.6066932+05:30","@version":"1","message":"HTTP Request: method=POST uri=/api/v1/orders","logger_name":"com.aashir.ecommerce.config.RequestLoggingFilter","thread_name":"http-nio-8080-exec-2","level":"INFO","level_value":20000,"requestId":"60343576-44e9-4f7b-ae97-ef30a471f7fe"}
{"@timestamp":"2026-09-01T19:27:13.8782401+05:30","@version":"1","message":"HV000271: Using `@Valid` on a container (java.util.List) is deprecated. You should apply the annotation on the type argument(s). Affected element: items","logger_name":"org.hibernate.validator.internal.metadata.aggregated.CascadingMetaDataBuilder","thread_name":"http-nio-8080-exec-2","level":"WARN","level_value":30000,"requestId":"60343576-44e9-4f7b-ae97-ef30a471f7fe"}
{"@timestamp":"2026-09-01T19:27:14.0776294+05:30","@version":"1","message":"Creating new order with email =ashirshaikh231@gmail.com and item=1","logger_name":"com.aashir.ecommerce.service.OrderService","thread_name":"http-nio-8080-exec-2","level":"INFO","level_value":20000,"requestId":"60343576-44e9-4f7b-ae97-ef30a471f7fe"}
{"@timestamp":"2026-09-01T19:27:14.2036125+05:30","@version":"1","message":"Order created successfully: orderId=27","logger_name":"com.aashir.ecommerce.service.OrderService","thread_name":"http-nio-8080-exec-2","level":"INFO","level_value":20000,"requestId":"60343576-44e9-4f7b-ae97-ef30a471f7fe"}
{"@timestamp":"2026-09-01T19:27:14.2400839+05:30","@version":"1","message":"Processing OrderCreatedEvent: orderId=ORD-07969ae7-2cc5-4c3d-ad79-7e8ce23ce99c","logger_name":"com.aashir.ecommerce.event.OrderEventListener","thread_name":"email-1","level":"INFO","level_value":20000,"requestId":"60343576-44e9-4f7b-ae97-ef30a471f7fe"}
{"@timestamp":"2026-09-01T19:27:14.3726324+05:30","@version":"1","message":"HTTP Response: method=POST uri=/api/v1/orders status=201 duration=767ms","logger_name":"com.aashir.ecommerce.config.RequestLoggingFilter","thread_name":"http-nio-8080-exec-2","level":"INFO","level_value":20000,"requestId":"60343576-44e9-4f7b-ae97-ef30a471f7fe"}
{"@timestamp":"2026-09-01T19:27:19.4672829+05:30","@version":"1","message":"Email sent successfully. sendemail=ashirshaikh231@gmail.com, subject=Order Confirmed -ORD-07969ae7-2cc5-4c3d-ad79-7e8ce23ce99c","logger_name":"com.aashir.ecommerce.service.EmailService","thread_name":"email-1","level":"INFO","level_value":20000,"requestId":"60343576-44e9-4f7b-ae97-ef30a471f7fe"}
{"@timestamp":"2026-09-01T19:27:19.4672829+05:30","@version":"1","message":"Order confirmed email sent","logger_name":"com.aashir.ecommerce.service.EmailService","thread_name":"email-1","level":"INFO","level_value":20000,"requestId":"60343576-44e9-4f7b-ae97-ef30a471f7fe"}
{"@timestamp":"2026-09-01T19:28:28.1573017+05:30","@version":"1","message":"Updating orderStatus with orderId =27","logger_name":"com.aashir.ecommerce.service.OrderService","thread_name":"scheduling-1","level":"INFO","level_value":20000}
{"@timestamp":"2026-09-01T19:28:28.1895547+05:30","@version":"1","message":"Restore inventory successfully with inventoryProductName=Logitech MX Master 4 and productCount","logger_name":"com.aashir.ecommerce.service.OrderService","thread_name":"scheduling-1","level":"INFO","level_value":20000}
{"@timestamp":"2026-09-01T19:28:28.1895547+05:30","@version":"1","message":"cancelled orderId =27","logger_name":"com.aashir.ecommerce.service.OrderService","thread_name":"scheduling-1","level":"INFO","level_value":20000}
{"@timestamp":"2026-09-01T19:28:28.2436137+05:30","@version":"1","message":"Expired order cancelled.orderNumber=ORD-07969ae7-2cc5-4c3d-ad79-7e8ce23ce99c","logger_name":"com.aashir.ecommerce.scheduler.OrderScheduler","thread_name":"scheduling-1","level":"INFO","level_value":20000}
{"@timestamp":"2026-09-01T19:28:28.2436137+05:30","@version":"1","message":"Order created email sent: orderId=ORD-07969ae7-2cc5-4c3d-ad79-7e8ce23ce99c","logger_name":"com.aashir.ecommerce.event.OrderEventListener","thread_name":"email-2","level":"INFO","level_value":20000}
{"@timestamp":"2026-09-01T19:28:33.9578933+05:30","@version":"1","message":"Email sent successfully. sendemail=ashirshaikh231@gmail.com, subject=Order Cancelled - ORD-07969ae7-2cc5-4c3d-ad79-7e8ce23ce99c","logger_name":"com.aashir.ecommerce.service.EmailService","thread_name":"email-2","level":"INFO","level_value":20000}
{"@timestamp":"2026-09-01T19:56:37.1540667+05:30","@version":"1","message":"Starting ECommerceApplication using Java 21.0.11 with PID 26040 (C:\\Users\\Ashir\\IdeaProjects\\e-commerce\\target\\classes started by Ashir in C:\\Users\\Ashir\\IdeaProjects\\e-commerce)","logger_name":"com.aashir.ecommerce.ECommerceApplication","thread_name":"main","level":"INFO","level_value":20000,"tags":["COMMONS-LOGGING"]}
{"@timestamp":"2026-09-01T19:56:37.1768607+05:30","@version":"1","message":"No active profile set, falling back to 1 default profile: \"default\"","logger_name":"com.aashir.ecommerce.ECommerceApplication","thread_name":"main","level":"INFO","level_value":20000,"tags":["COMMONS-LOGGING"]}
{"@timestamp":"2026-09-01T19:56:40.0492456+05:30","@version":"1","message":"Initializing ProtocolHandler [\"http-nio-8080\"]","logger_name":"org.apache.coyote.http11.Http11NioProtocol","thread_name":"main","level":"INFO","level_value":20000}
{"@timestamp":"2026-09-01T19:56:40.0514607+05:30","@version":"1","message":"Starting service [Tomcat]","logger_name":"org.apache.catalina.core.StandardService","thread_name":"main","level":"INFO","level_value":20000}
{"@timestamp":"2026-09-01T19:56:40.0514607+05:30","@version":"1","message":"Starting Servlet engine: [Apache Tomcat/11.0.22]","logger_name":"org.apache.catalina.core.StandardEngine","thread_name":"main","level":"INFO","level_value":20000}
{"@timestamp":"2026-09-01T19:56:45.1990345+05:30","@version":"1","message":"spring.jpa.open-in-view is enabled by default. Therefore, database queries may be performed during view rendering. Explicitly configure spring.jpa.open-in-view to disable this warning","logger_name":"org.springframework.boot.jpa.autoconfigure.JpaBaseConfiguration$JpaWebConfiguration","thread_name":"main","level":"WARN","level_value":30000,"tags":["COMMONS-LOGGING"]}
{"@timestamp":"2026-09-01T19:56:47.3988589+05:30","@version":"1","message":"Starting ProtocolHandler [\"http-nio-8080\"]","logger_name":"org.apache.coyote.http11.Http11NioProtocol","thread_name":"main","level":"INFO","level_value":20000}
{"@timestamp":"2026-09-01T19:56:47.4452796+05:30","@version":"1","message":"Started ECommerceApplication in 11.609 seconds (process running for 12.601)","logger_name":"com.aashir.ecommerce.ECommerceApplication","thread_name":"main","level":"INFO","level_value":20000,"tags":["COMMONS-LOGGING"]}
{"@timestamp":"2026-09-01T19:56:47.7293557+05:30","@version":"1","message":"LOW STOCK ALERT: productId=25,productName=Sony WH-1000XM6,quantity=18","logger_name":"com.aashir.ecommerce.scheduler.InventoryScheduler","thread_name":"scheduling-1","level":"WARN","level_value":30000}
{"@timestamp":"2026-09-01T19:56:47.7307194+05:30","@version":"1","message":"LOW STOCK ALERT: productId=27,productName=Samsung Galaxy S26,quantity=12","logger_name":"com.aashir.ecommerce.scheduler.InventoryScheduler","thread_name":"scheduling-1","level":"WARN","level_value":30000}
{"@timestamp":"2026-09-01T19:56:54.1906799+05:30","@version":"1","message":"Initializing Spring DispatcherServlet 'dispatcherServlet'","logger_name":"org.apache.catalina.core.ContainerBase.[Tomcat].[localhost].[/]","thread_name":"http-nio-8080-exec-2","level":"INFO","level_value":20000}
{"@timestamp":"2026-09-01T19:56:54.5639541+05:30","@version":"1","message":"JWT expired:method=POST uri=/api/v1/orders","logger_name":"com.aashir.ecommerce.security.JwtAuthenticationFilter","thread_name":"http-nio-8080-exec-2","level":"WARN","level_value":30000}
{"@timestamp":"2026-09-01T19:57:16.8316313+05:30","@version":"1","message":"HTTP Request: method=GET uri=/api/v1/products","logger_name":"com.aashir.ecommerce.config.RequestLoggingFilter","thread_name":"http-nio-8080-exec-1","level":"INFO","level_value":20000,"requestId":"55c742b8-f577-4a05-814e-15d1cba84e4c"}
{"@timestamp":"2026-09-01T19:57:17.1422503+05:30","@version":"1","message":"HTTP Response: method=GET uri=/api/v1/products status=200 duration=311ms","logger_name":"com.aashir.ecommerce.config.RequestLoggingFilter","thread_name":"http-nio-8080-exec-1","level":"INFO","level_value":20000,"requestId":"55c742b8-f577-4a05-814e-15d1cba84e4c"}
{"@timestamp":"2026-09-01T20:03:03.9647422+05:30","@version":"1","message":"Starting ECommerceApplication using Java 21.0.11 with PID 23620 (C:\\Users\\Ashir\\IdeaProjects\\e-commerce\\target\\classes started by Ashir in C:\\Users\\Ashir\\IdeaProjects\\e-commerce)","logger_name":"com.aashir.ecommerce.ECommerceApplication","thread_name":"main","level":"INFO","level_value":20000,"tags":["COMMONS-LOGGING"]}
{"@timestamp":"2026-09-01T20:03:03.988181+05:30","@version":"1","message":"No active profile set, falling back to 1 default profile: \"default\"","logger_name":"com.aashir.ecommerce.ECommerceApplication","thread_name":"main","level":"INFO","level_value":20000,"tags":["COMMONS-LOGGING"]}
{"@timestamp":"2026-09-01T20:03:07.0346262+05:30","@version":"1","message":"Initializing ProtocolHandler [\"http-nio-8080\"]","logger_name":"org.apache.coyote.http11.Http11NioProtocol","thread_name":"main","level":"INFO","level_value":20000}
{"@timestamp":"2026-09-01T20:03:07.0377749+05:30","@version":"1","message":"Starting service [Tomcat]","logger_name":"org.apache.catalina.core.StandardService","thread_name":"main","level":"INFO","level_value":20000}
{"@timestamp":"2026-09-01T20:03:07.0377749+05:30","@version":"1","message":"Starting Servlet engine: [Apache Tomcat/11.0.22]","logger_name":"org.apache.catalina.core.StandardEngine","thread_name":"main","level":"INFO","level_value":20000}
{"@timestamp":"2026-09-01T20:03:12.3492253+05:30","@version":"1","message":"spring.jpa.open-in-view is enabled by default. Therefore, database queries may be performed during view rendering. Explicitly configure spring.jpa.open-in-view to disable this warning","logger_name":"org.springframework.boot.jpa.autoconfigure.JpaBaseConfiguration$JpaWebConfiguration","thread_name":"main","level":"WARN","level_value":30000,"tags":["COMMONS-LOGGING"]}
{"@timestamp":"2026-09-01T20:03:14.4812601+05:30","@version":"1","message":"Starting ProtocolHandler [\"http-nio-8080\"]","logger_name":"org.apache.coyote.http11.Http11NioProtocol","thread_name":"main","level":"INFO","level_value":20000}
{"@timestamp":"2026-09-01T20:03:14.5328119+05:30","@version":"1","message":"Started ECommerceApplication in 11.823 seconds (process running for 12.839)","logger_name":"com.aashir.ecommerce.ECommerceApplication","thread_name":"main","level":"INFO","level_value":20000,"tags":["COMMONS-LOGGING"]}
{"@timestamp":"2026-09-01T20:03:14.7628108+05:30","@version":"1","message":"LOW STOCK ALERT: productId=25,productName=Sony WH-1000XM6,quantity=18","logger_name":"com.aashir.ecommerce.scheduler.InventoryScheduler","thread_name":"scheduling-1","level":"WARN","level_value":30000}
{"@timestamp":"2026-09-01T20:03:14.7638794+05:30","@version":"1","message":"LOW STOCK ALERT: productId=27,productName=Samsung Galaxy S26,quantity=12","logger_name":"com.aashir.ecommerce.scheduler.InventoryScheduler","thread_name":"scheduling-1","level":"WARN","level_value":30000}
{"@timestamp":"2026-09-01T20:03:52.5612344+05:30","@version":"1","message":"Initializing Spring DispatcherServlet 'dispatcherServlet'","logger_name":"org.apache.catalina.core.ContainerBase.[Tomcat].[localhost].[/]","thread_name":"http-nio-8080-exec-1","level":"INFO","level_value":20000}
{"@timestamp":"2026-09-01T20:03:52.6322615+05:30","@version":"1","message":"HTTP Request: method=GET uri=/actuator/health","logger_name":"com.aashir.ecommerce.config.RequestLoggingFilter","thread_name":"http-nio-8080-exec-1","level":"INFO","level_value":20000,"requestId":"381b57bc-0ea1-4247-81e7-ddff3b4fc534"}
{"@timestamp":"2026-09-01T20:03:58.2985811+05:30","@version":"1","message":"Redis health check failed","logger_name":"org.springframework.boot.data.redis.health.DataRedisReactiveHealthIndicator","thread_name":"boundedElastic-1","level":"WARN","level_value":30000,"stack_trace":"org.springframework.data.redis.RedisConnectionFailureException: Unable to connect to Redis\r\n\tat org.springframework.data.redis.connection.lettuce.LettuceConnectionFactory$ExceptionTranslatingConnectionProvider.translateException(LettuceConnectionFactory.java:1873)\r\n\tat org.springframework.data.redis.connection.lettuce.LettuceConnectionFactory$ExceptionTranslatingConnectionProvider.getConnection(LettuceConnectionFactory.java:1804)\r\n\tat org.springframework.data.redis.connection.lettuce.LettuceConnectionFactory$SharedConnection.getNativeConnection(LettuceConnectionFactory.java:1601)\r\n\tat org.springframework.data.redis.connection.lettuce.LettuceConnectionFactory$SharedConnection.lambda$getConnection$0(LettuceConnectionFactory.java:1581)\r\n\tat org.springframework.data.redis.connection.lettuce.LettuceConnectionFactory.doInLock(LettuceConnectionFactory.java:1542)\r\n\tat org.springframework.data.redis.connection.lettuce.LettuceConnectionFactory$SharedConnection.getConnection(LettuceConnectionFactory.java:1578)\r\n\tat org.springframework.data.redis.connection.lettuce.LettuceConnectionFactory.getSharedReactiveConnection(LettuceConnectionFactory.java:1283)\r\n\tat org.springframework.data.redis.connection.lettuce.LettuceConnectionFactory.getReactiveConnection(LettuceConnectionFactory.java:1153)\r\n\tat org.springframework.data.redis.connection.lettuce.LettuceConnectionFactory.getReactiveConnection(LettuceConnectionFactory.java:122)\r\n\tat reactor.core.publisher.MonoSupplier.call(MonoSupplier.java:63)\r\n\tat reactor.core.publisher.FluxSubscribeOnCallable$CallableSubscribeOnSubscription.run(FluxSubscribeOnCallable.java:228)\r\n\tat reactor.core.scheduler.SchedulerTask.call(SchedulerTask.java:72)\r\n\tat reactor.core.scheduler.SchedulerTask.call(SchedulerTask.java:28)\r\n\tat java.base/java.util.concurrent.FutureTask.run(FutureTask.java:317)\r\n\tat java.base/java.util.concurrent.ScheduledThreadPoolExecutor$ScheduledFutureTask.run(ScheduledThreadPoolExecutor.java:304)\r\n\tat java.base/java.util.concurrent.ThreadPoolExecutor.runWorker(ThreadPoolExecutor.java:1144)\r\n\tat java.base/java.util.concurrent.ThreadPoolExecutor$Worker.run(ThreadPoolExecutor.java:642)\r\n\tat java.base/java.lang.Thread.run(Thread.java:1583)\r\nCaused by: io.lettuce.core.RedisConnectionException: Unable to connect to localhost/<unresolved>:6379\r\n\tat io.lettuce.core.RedisConnectionException.create(RedisConnectionException.java:63)\r\n\tat io.lettuce.core.RedisConnectionException.create(RedisConnectionException.java:41)\r\n\tat io.lettuce.core.AbstractRedisClient.getConnection(AbstractRedisClient.java:315)\r\n\tat io.lettuce.core.RedisClient.connect(RedisClient.java:220)\r\n\tat org.springframework.data.redis.connection.lettuce.StandaloneConnectionProvider.lambda$getConnection$1(StandaloneConnectionProvider.java:113)\r\n\tat java.base/java.util.Optional.orElseGet(Optional.java:364)\r\n\tat org.springframework.data.redis.connection.lettuce.StandaloneConnectionProvider.getConnection(StandaloneConnectionProvider.java:113)\r\n\tat org.springframework.data.redis.connection.lettuce.LettuceConnectionFactory$ExceptionTranslatingConnectionProvider.getConnection(LettuceConnectionFactory.java:1802)\r\n\t... 16 common frames omitted\r\nCaused by: io.netty.channel.AbstractChannel$AnnotatedConnectException: Connection refused: getsockopt: localhost/127.0.0.1:6379\r\nCaused by: java.net.ConnectException: Connection refused: getsockopt\r\n\tat java.base/sun.nio.ch.Net.pollConnect(Native Method)\r\n\tat java.base/sun.nio.ch.Net.pollConnectNow(Net.java:694)\r\n\tat java.base/sun.nio.ch.SocketChannelImpl.finishConnect(SocketChannelImpl.java:973)\r\n\tat io.netty.channel.socket.nio.NioSocketChannel.doFinishConnect(NioSocketChannel.java:330)\r\n\tat io.netty.channel.nio.AbstractNioChannel$AbstractNioUnsafe.finishConnect(AbstractNioChannel.java:384)\r\n\tat io.netty.channel.nio.AbstractNioChannel$AbstractNioUnsafe.handle(AbstractNioChannel.java:432)\r\n\tat io.netty.channel.nio.NioIoHandler$DefaultNioRegistration.handle(NioIoHandler.java:388)\r\n\tat io.netty.channel.nio.NioIoHandler.processSelectedKey(NioIoHandler.java:596)\r\n\tat io.netty.channel.nio.NioIoHandler.processSelectedKeysOptimized(NioIoHandler.java:571)\r\n\tat io.netty.channel.nio.NioIoHandler.processSelectedKeys(NioIoHandler.java:512)\r\n\tat io.netty.channel.nio.NioIoHandler.run(NioIoHandler.java:484)\r\n\tat io.netty.channel.SingleThreadIoEventLoop.runIo(SingleThreadIoEventLoop.java:225)\r\n\tat io.netty.channel.SingleThreadIoEventLoop.run(SingleThreadIoEventLoop.java:196)\r\n\tat io.netty.util.concurrent.SingleThreadEventExecutor$5.run(SingleThreadEventExecutor.java:1195)\r\n\tat io.netty.util.internal.ThreadExecutorMap$2.run(ThreadExecutorMap.java:74)\r\n\tat io.netty.util.concurrent.FastThreadLocalRunnable.run(FastThreadLocalRunnable.java:30)\r\n\tat java.base/java.lang.Thread.run(Thread.java:1583)\r\n","tags":["COMMONS-LOGGING"]}
{"@timestamp":"2026-09-01T20:03:58.4791738+05:30","@version":"1","message":"HTTP Response: method=GET uri=/actuator/health status=503 duration=5848ms","logger_name":"com.aashir.ecommerce.config.RequestLoggingFilter","thread_name":"http-nio-8080-exec-1","level":"ERROR","level_value":40000,"requestId":"381b57bc-0ea1-4247-81e7-ddff3b4fc534"}
{"@timestamp":"2026-09-01T20:05:52.6862729+05:30","@version":"1","message":"Starting ECommerceApplication using Java 21.0.11 with PID 2656 (C:\\Users\\Ashir\\IdeaProjects\\e-commerce\\target\\classes started by Ashir in C:\\Users\\Ashir\\IdeaProjects\\e-commerce)","logger_name":"com.aashir.ecommerce.ECommerceApplication","thread_name":"main","level":"INFO","level_value":20000,"tags":["COMMONS-LOGGING"]}
{"@timestamp":"2026-09-01T20:05:52.7057148+05:30","@version":"1","message":"No active profile set, falling back to 1 default profile: \"default\"","logger_name":"com.aashir.ecommerce.ECommerceApplication","thread_name":"main","level":"INFO","level_value":20000,"tags":["COMMONS-LOGGING"]}
{"@timestamp":"2026-09-01T20:05:56.1936208+05:30","@version":"1","message":"Initializing ProtocolHandler [\"http-nio-8080\"]","logger_name":"org.apache.coyote.http11.Http11NioProtocol","thread_name":"main","level":"INFO","level_value":20000}
{"@timestamp":"2026-09-01T20:05:56.1984087+05:30","@version":"1","message":"Starting service [Tomcat]","logger_name":"org.apache.catalina.core.StandardService","thread_name":"main","level":"INFO","level_value":20000}
{"@timestamp":"2026-09-01T20:05:56.1994131+05:30","@version":"1","message":"Starting Servlet engine: [Apache Tomcat/11.0.22]","logger_name":"org.apache.catalina.core.StandardEngine","thread_name":"main","level":"INFO","level_value":20000}
{"@timestamp":"2026-09-01T20:06:02.2195411+05:30","@version":"1","message":"spring.jpa.open-in-view is enabled by default. Therefore, database queries may be performed during view rendering. Explicitly configure spring.jpa.open-in-view to disable this warning","logger_name":"org.springframework.boot.jpa.autoconfigure.JpaBaseConfiguration$JpaWebConfiguration","thread_name":"main","level":"WARN","level_value":30000,"tags":["COMMONS-LOGGING"]}
{"@timestamp":"2026-09-01T20:06:04.2546417+05:30","@version":"1","message":"Starting ProtocolHandler [\"http-nio-8080\"]","logger_name":"org.apache.coyote.http11.Http11NioProtocol","thread_name":"main","level":"INFO","level_value":20000}
{"@timestamp":"2026-09-01T20:06:04.2984581+05:30","@version":"1","message":"Started ECommerceApplication in 12.9 seconds (process running for 14.036)","logger_name":"com.aashir.ecommerce.ECommerceApplication","thread_name":"main","level":"INFO","level_value":20000,"tags":["COMMONS-LOGGING"]}
{"@timestamp":"2026-09-01T20:06:04.5341238+05:30","@version":"1","message":"LOW STOCK ALERT: productId=25,productName=Sony WH-1000XM6,quantity=18","logger_name":"com.aashir.ecommerce.scheduler.InventoryScheduler","thread_name":"scheduling-1","level":"WARN","level_value":30000}
{"@timestamp":"2026-09-01T20:06:04.5352287+05:30","@version":"1","message":"LOW STOCK ALERT: productId=27,productName=Samsung Galaxy S26,quantity=12","logger_name":"com.aashir.ecommerce.scheduler.InventoryScheduler","thread_name":"scheduling-1","level":"WARN","level_value":30000}
{"@timestamp":"2026-09-01T20:06:13.1210813+05:30","@version":"1","message":"Initializing Spring DispatcherServlet 'dispatcherServlet'","logger_name":"org.apache.catalina.core.ContainerBase.[Tomcat].[localhost].[/]","thread_name":"http-nio-8080-exec-1","level":"INFO","level_value":20000}
{"@timestamp":"2026-09-01T20:06:13.183764+05:30","@version":"1","message":"HTTP Request: method=GET uri=/actuator/health","logger_name":"com.aashir.ecommerce.config.RequestLoggingFilter","thread_name":"http-nio-8080-exec-1","level":"INFO","level_value":20000,"requestId":"d48b9221-5f3d-4ca2-bb24-ba5da00ccc85"}
{"@timestamp":"2026-09-01T20:06:16.8495234+05:30","@version":"1","message":"Redis health check failed","logger_name":"org.springframework.boot.data.redis.health.DataRedisReactiveHealthIndicator","thread_name":"boundedElastic-1","level":"WARN","level_value":30000,"stack_trace":"org.springframework.data.redis.RedisConnectionFailureException: Unable to connect to Redis\r\n\tat org.springframework.data.redis.connection.lettuce.LettuceConnectionFactory$ExceptionTranslatingConnectionProvider.translateException(LettuceConnectionFactory.java:1873)\r\n\tat org.springframework.data.redis.connection.lettuce.LettuceConnectionFactory$ExceptionTranslatingConnectionProvider.getConnection(LettuceConnectionFactory.java:1804)\r\n\tat org.springframework.data.redis.connection.lettuce.LettuceConnectionFactory$SharedConnection.getNativeConnection(LettuceConnectionFactory.java:1601)\r\n\tat org.springframework.data.redis.connection.lettuce.LettuceConnectionFactory$SharedConnection.lambda$getConnection$0(LettuceConnectionFactory.java:1581)\r\n\tat org.springframework.data.redis.connection.lettuce.LettuceConnectionFactory.doInLock(LettuceConnectionFactory.java:1542)\r\n\tat org.springframework.data.redis.connection.lettuce.LettuceConnectionFactory$SharedConnection.getConnection(LettuceConnectionFactory.java:1578)\r\n\tat org.springframework.data.redis.connection.lettuce.LettuceConnectionFactory.getSharedReactiveConnection(LettuceConnectionFactory.java:1283)\r\n\tat org.springframework.data.redis.connection.lettuce.LettuceConnectionFactory.getReactiveConnection(LettuceConnectionFactory.java:1153)\r\n\tat org.springframework.data.redis.connection.lettuce.LettuceConnectionFactory.getReactiveConnection(LettuceConnectionFactory.java:122)\r\n\tat reactor.core.publisher.MonoSupplier.call(MonoSupplier.java:63)\r\n\tat reactor.core.publisher.FluxSubscribeOnCallable$CallableSubscribeOnSubscription.run(FluxSubscribeOnCallable.java:228)\r\n\tat reactor.core.scheduler.SchedulerTask.call(SchedulerTask.java:72)\r\n\tat reactor.core.scheduler.SchedulerTask.call(SchedulerTask.java:28)\r\n\tat java.base/java.util.concurrent.FutureTask.run(FutureTask.java:317)\r\n\tat java.base/java.util.concurrent.ScheduledThreadPoolExecutor$ScheduledFutureTask.run(ScheduledThreadPoolExecutor.java:304)\r\n\tat java.base/java.util.concurrent.ThreadPoolExecutor.runWorker(ThreadPoolExecutor.java:1144)\r\n\tat java.base/java.util.concurrent.ThreadPoolExecutor$Worker.run(ThreadPoolExecutor.java:642)\r\n\tat java.base/java.lang.Thread.run(Thread.java:1583)\r\nCaused by: io.lettuce.core.RedisConnectionException: Unable to connect to localhost/<unresolved>:6379\r\n\tat io.lettuce.core.RedisConnectionException.create(RedisConnectionException.java:63)\r\n\tat io.lettuce.core.RedisConnectionException.create(RedisConnectionException.java:41)\r\n\tat io.lettuce.core.AbstractRedisClient.getConnection(AbstractRedisClient.java:315)\r\n\tat io.lettuce.core.RedisClient.connect(RedisClient.java:220)\r\n\tat org.springframework.data.redis.connection.lettuce.StandaloneConnectionProvider.lambda$getConnection$1(StandaloneConnectionProvider.java:113)\r\n\tat java.base/java.util.Optional.orElseGet(Optional.java:364)\r\n\tat org.springframework.data.redis.connection.lettuce.StandaloneConnectionProvider.getConnection(StandaloneConnectionProvider.java:113)\r\n\tat org.springframework.data.redis.connection.lettuce.LettuceConnectionFactory$ExceptionTranslatingConnectionProvider.getConnection(LettuceConnectionFactory.java:1802)\r\n\t... 16 common frames omitted\r\nCaused by: io.netty.channel.AbstractChannel$AnnotatedConnectException: Connection refused: getsockopt: localhost/127.0.0.1:6379\r\nCaused by: java.net.ConnectException: Connection refused: getsockopt\r\n\tat java.base/sun.nio.ch.Net.pollConnect(Native Method)\r\n\tat java.base/sun.nio.ch.Net.pollConnectNow(Net.java:694)\r\n\tat java.base/sun.nio.ch.SocketChannelImpl.finishConnect(SocketChannelImpl.java:973)\r\n\tat io.netty.channel.socket.nio.NioSocketChannel.doFinishConnect(NioSocketChannel.java:330)\r\n\tat io.netty.channel.nio.AbstractNioChannel$AbstractNioUnsafe.finishConnect(AbstractNioChannel.java:384)\r\n\tat io.netty.channel.nio.AbstractNioChannel$AbstractNioUnsafe.handle(AbstractNioChannel.java:432)\r\n\tat io.netty.channel.nio.NioIoHandler$DefaultNioRegistration.handle(NioIoHandler.java:388)\r\n\tat io.netty.channel.nio.NioIoHandler.processSelectedKey(NioIoHandler.java:596)\r\n\tat io.netty.channel.nio.NioIoHandler.processSelectedKeysOptimized(NioIoHandler.java:571)\r\n\tat io.netty.channel.nio.NioIoHandler.processSelectedKeys(NioIoHandler.java:512)\r\n\tat io.netty.channel.nio.NioIoHandler.run(NioIoHandler.java:484)\r\n\tat io.netty.channel.SingleThreadIoEventLoop.runIo(SingleThreadIoEventLoop.java:225)\r\n\tat io.netty.channel.SingleThreadIoEventLoop.run(SingleThreadIoEventLoop.java:196)\r\n\tat io.netty.util.concurrent.SingleThreadEventExecutor$5.run(SingleThreadEventExecutor.java:1195)\r\n\tat io.netty.util.internal.ThreadExecutorMap$2.run(ThreadExecutorMap.java:74)\r\n\tat io.netty.util.concurrent.FastThreadLocalRunnable.run(FastThreadLocalRunnable.java:30)\r\n\tat java.base/java.lang.Thread.run(Thread.java:1583)\r\n","tags":["COMMONS-LOGGING"]}
{"@timestamp":"2026-09-01T20:06:17.050977+05:30","@version":"1","message":"HTTP Response: method=GET uri=/actuator/health status=503 duration=3867ms","logger_name":"com.aashir.ecommerce.config.RequestLoggingFilter","thread_name":"http-nio-8080-exec-1","level":"ERROR","level_value":40000,"requestId":"d48b9221-5f3d-4ca2-bb24-ba5da00ccc85"}
{"@timestamp":"2026-09-01T20:12:41.5402749+05:30","@version":"1","message":"Starting ECommerceApplication using Java 21.0.11 with PID 9392 (C:\\Users\\Ashir\\IdeaProjects\\e-commerce\\target\\classes started by Ashir in C:\\Users\\Ashir\\IdeaProjects\\e-commerce)","logger_name":"com.aashir.ecommerce.ECommerceApplication","thread_name":"main","level":"INFO","level_value":20000,"tags":["COMMONS-LOGGING"]}
{"@timestamp":"2026-09-01T20:12:41.5608028+05:30","@version":"1","message":"No active profile set, falling back to 1 default profile: \"default\"","logger_name":"com.aashir.ecommerce.ECommerceApplication","thread_name":"main","level":"INFO","level_value":20000,"tags":["COMMONS-LOGGING"]}
{"@timestamp":"2026-09-01T20:12:44.9704665+05:30","@version":"1","message":"Initializing ProtocolHandler [\"http-nio-8080\"]","logger_name":"org.apache.coyote.http11.Http11NioProtocol","thread_name":"main","level":"INFO","level_value":20000}
{"@timestamp":"2026-09-01T20:12:44.9744731+05:30","@version":"1","message":"Starting service [Tomcat]","logger_name":"org.apache.catalina.core.StandardService","thread_name":"main","level":"INFO","level_value":20000}
{"@timestamp":"2026-09-01T20:12:44.9744731+05:30","@version":"1","message":"Starting Servlet engine: [Apache Tomcat/11.0.22]","logger_name":"org.apache.catalina.core.StandardEngine","thread_name":"main","level":"INFO","level_value":20000}
{"@timestamp":"2026-09-01T20:12:50.4571493+05:30","@version":"1","message":"spring.jpa.open-in-view is enabled by default. Therefore, database queries may be performed during view rendering. Explicitly configure spring.jpa.open-in-view to disable this warning","logger_name":"org.springframework.boot.jpa.autoconfigure.JpaBaseConfiguration$JpaWebConfiguration","thread_name":"main","level":"WARN","level_value":30000,"tags":["COMMONS-LOGGING"]}
{"@timestamp":"2026-09-01T20:12:52.5399502+05:30","@version":"1","message":"Starting ProtocolHandler [\"http-nio-8080\"]","logger_name":"org.apache.coyote.http11.Http11NioProtocol","thread_name":"main","level":"INFO","level_value":20000}
{"@timestamp":"2026-09-01T20:12:52.5844811+05:30","@version":"1","message":"Started ECommerceApplication in 12.248 seconds (process running for 13.194)","logger_name":"com.aashir.ecommerce.ECommerceApplication","thread_name":"main","level":"INFO","level_value":20000,"tags":["COMMONS-LOGGING"]}
{"@timestamp":"2026-09-01T20:12:52.8572249+05:30","@version":"1","message":"LOW STOCK ALERT: productId=25,productName=Sony WH-1000XM6,quantity=18","logger_name":"com.aashir.ecommerce.scheduler.InventoryScheduler","thread_name":"scheduling-1","level":"WARN","level_value":30000}
{"@timestamp":"2026-09-01T20:12:52.8572249+05:30","@version":"1","message":"LOW STOCK ALERT: productId=27,productName=Samsung Galaxy S26,quantity=12","logger_name":"com.aashir.ecommerce.scheduler.InventoryScheduler","thread_name":"scheduling-1","level":"WARN","level_value":30000}
{"@timestamp":"2026-09-01T20:13:06.3842134+05:30","@version":"1","message":"Initializing Spring DispatcherServlet 'dispatcherServlet'","logger_name":"org.apache.catalina.core.ContainerBase.[Tomcat].[localhost].[/]","thread_name":"http-nio-8080-exec-1","level":"INFO","level_value":20000}
{"@timestamp":"2026-09-01T20:13:06.4498476+05:30","@version":"1","message":"HTTP Request: method=GET uri=/actuator/metrics","logger_name":"com.aashir.ecommerce.config.RequestLoggingFilter","thread_name":"http-nio-8080-exec-1","level":"INFO","level_value":20000,"requestId":"e57c06c0-b725-402f-9ce9-d083e01c2617"}
{"@timestamp":"2026-09-01T20:13:06.6451094+05:30","@version":"1","message":"HTTP Response: method=GET uri=/actuator/metrics status=200 duration=196ms","logger_name":"com.aashir.ecommerce.config.RequestLoggingFilter","thread_name":"http-nio-8080-exec-1","level":"INFO","level_value":20000,"requestId":"e57c06c0-b725-402f-9ce9-d083e01c2617"}
{"@timestamp":"2026-09-01T20:13:55.7866602+05:30","@version":"1","message":"HTTP Request: method=GET uri=/actuator/metrics/http.server.requests","logger_name":"com.aashir.ecommerce.config.RequestLoggingFilter","thread_name":"http-nio-8080-exec-4","level":"INFO","level_value":20000,"requestId":"a0c2ebf3-644c-487f-a0fd-041fc221138b"}
{"@timestamp":"2026-09-01T20:13:55.8597329+05:30","@version":"1","message":"HTTP Response: method=GET uri=/actuator/metrics/http.server.requests status=200 duration=73ms","logger_name":"com.aashir.ecommerce.config.RequestLoggingFilter","thread_name":"http-nio-8080-exec-4","level":"INFO","level_value":20000,"requestId":"a0c2ebf3-644c-487f-a0fd-041fc221138b"}
{"@timestamp":"2026-09-01T20:15:11.5674947+05:30","@version":"1","message":"HTTP Request: method=GET uri=/actuator/metrics/http.server.requests","logger_name":"com.aashir.ecommerce.config.RequestLoggingFilter","thread_name":"http-nio-8080-exec-7","level":"INFO","level_value":20000,"requestId":"d7d64e5e-2b52-4329-9884-9a5a22ca41ae"}
{"@timestamp":"2026-09-01T20:15:11.5829364+05:30","@version":"1","message":"HTTP Response: method=GET uri=/actuator/metrics/http.server.requests status=404 duration=15ms","logger_name":"com.aashir.ecommerce.config.RequestLoggingFilter","thread_name":"http-nio-8080-exec-7","level":"WARN","level_value":30000,"requestId":"d7d64e5e-2b52-4329-9884-9a5a22ca41ae"}
{"@timestamp":"2026-09-01T20:15:25.833102+05:30","@version":"1","message":"HTTP Request: method=GET uri=/actuator/metrics/http.server.requests","logger_name":"com.aashir.ecommerce.config.RequestLoggingFilter","thread_name":"http-nio-8080-exec-9","level":"INFO","level_value":20000,"requestId":"650484d1-80fc-419c-96c1-98216bbd3f63"}
{"@timestamp":"2026-09-01T20:15:25.839107+05:30","@version":"1","message":"HTTP Response: method=GET uri=/actuator/metrics/http.server.requests status=404 duration=6ms","logger_name":"com.aashir.ecommerce.config.RequestLoggingFilter","thread_name":"http-nio-8080-exec-9","level":"WARN","level_value":30000,"requestId":"650484d1-80fc-419c-96c1-98216bbd3f63"}
{"@timestamp":"2026-09-01T20:16:14.8161772+05:30","@version":"1","message":"HTTP Request: method=GET uri=/actuator/metrics/http.server.requests","logger_name":"com.aashir.ecommerce.config.RequestLoggingFilter","thread_name":"http-nio-8080-exec-10","level":"INFO","level_value":20000,"requestId":"7140e09e-08ce-4979-93e5-ab8583c879bd"}
{"@timestamp":"2026-09-01T20:16:14.8230225+05:30","@version":"1","message":"HTTP Response: method=GET uri=/actuator/metrics/http.server.requests status=200 duration=7ms","logger_name":"com.aashir.ecommerce.config.RequestLoggingFilter","thread_name":"http-nio-8080-exec-10","level":"INFO","level_value":20000,"requestId":"7140e09e-08ce-4979-93e5-ab8583c879bd"}
{"@timestamp":"2026-09-01T20:17:24.9911013+05:30","@version":"1","message":"JWT expired:method=POST uri=/api/v1/orders","logger_name":"com.aashir.ecommerce.security.JwtAuthenticationFilter","thread_name":"http-nio-8080-exec-3","level":"WARN","level_value":30000}
{"@timestamp":"2026-09-01T20:17:41.554017+05:30","@version":"1","message":"HTTP Request: method=POST uri=/auth/login","logger_name":"com.aashir.ecommerce.config.RequestLoggingFilter","thread_name":"http-nio-8080-exec-5","level":"INFO","level_value":20000,"requestId":"79719144-bc67-44e6-9627-333b44c0ab7c"}
{"@timestamp":"2026-09-01T20:17:42.1661692+05:30","@version":"1","message":"HTTP Response: method=POST uri=/auth/login status=200 duration=612ms","logger_name":"com.aashir.ecommerce.config.RequestLoggingFilter","thread_name":"http-nio-8080-exec-5","level":"INFO","level_value":20000,"requestId":"79719144-bc67-44e6-9627-333b44c0ab7c"}
{"@timestamp":"2026-09-01T20:18:34.1627829+05:30","@version":"1","message":"HTTP Request: method=POST uri=/api/v1/orders","logger_name":"com.aashir.ecommerce.config.RequestLoggingFilter","thread_name":"http-nio-8080-exec-6","level":"INFO","level_value":20000,"requestId":"33c0f10e-2eef-40c6-b842-6aefa4571926"}
{"@timestamp":"2026-09-01T20:18:34.195346+05:30","@version":"1","message":"HV000271: Using `@Valid` on a container (java.util.List) is deprecated. You should apply the annotation on the type argument(s). Affected element: items","logger_name":"org.hibernate.validator.internal.metadata.aggregated.CascadingMetaDataBuilder","thread_name":"http-nio-8080-exec-6","level":"WARN","level_value":30000,"requestId":"33c0f10e-2eef-40c6-b842-6aefa4571926"}
{"@timestamp":"2026-09-01T20:18:34.3280825+05:30","@version":"1","message":"Creating new order with email =ashirshaikh231@gmail.com and item=1","logger_name":"com.aashir.ecommerce.service.OrderService","thread_name":"http-nio-8080-exec-6","level":"INFO","level_value":20000,"requestId":"33c0f10e-2eef-40c6-b842-6aefa4571926"}
{"@timestamp":"2026-09-01T20:18:34.5196934+05:30","@version":"1","message":"Order created successfully: orderId=28","logger_name":"com.aashir.ecommerce.service.OrderService","thread_name":"http-nio-8080-exec-6","level":"INFO","level_value":20000,"requestId":"33c0f10e-2eef-40c6-b842-6aefa4571926"}
{"@timestamp":"2026-09-01T20:18:34.5636543+05:30","@version":"1","message":"Processing OrderCreatedEvent: orderId=ORD-3e281be1-ae00-42fa-8d1d-e217fdabecaf","logger_name":"com.aashir.ecommerce.event.OrderEventListener","thread_name":"email-1","level":"INFO","level_value":20000,"requestId":"33c0f10e-2eef-40c6-b842-6aefa4571926"}
{"@timestamp":"2026-09-01T20:18:34.5776411+05:30","@version":"1","message":"HTTP Response: method=POST uri=/api/v1/orders status=201 duration=415ms","logger_name":"com.aashir.ecommerce.config.RequestLoggingFilter","thread_name":"http-nio-8080-exec-6","level":"INFO","level_value":20000,"requestId":"33c0f10e-2eef-40c6-b842-6aefa4571926"}
{"@timestamp":"2026-09-01T20:18:47.3107951+05:30","@version":"1","message":"Email sent successfully. sendemail=ashirshaikh231@gmail.com, subject=Order Confirmed -ORD-3e281be1-ae00-42fa-8d1d-e217fdabecaf","logger_name":"com.aashir.ecommerce.service.EmailService","thread_name":"email-1","level":"INFO","level_value":20000,"requestId":"33c0f10e-2eef-40c6-b842-6aefa4571926"}
{"@timestamp":"2026-09-01T20:18:47.3107951+05:30","@version":"1","message":"Order confirmed email sent","logger_name":"com.aashir.ecommerce.service.EmailService","thread_name":"email-1","level":"INFO","level_value":20000,"requestId":"33c0f10e-2eef-40c6-b842-6aefa4571926"}
{"@timestamp":"2026-09-01T20:18:48.0414754+05:30","@version":"1","message":"HTTP Request: method=GET uri=/actuator/metrics/http.server.requests","logger_name":"com.aashir.ecommerce.config.RequestLoggingFilter","thread_name":"http-nio-8080-exec-7","level":"INFO","level_value":20000,"requestId":"3552ca1f-0829-4db2-8861-94d7039aa0df"}
{"@timestamp":"2026-09-01T20:18:48.0457964+05:30","@version":"1","message":"HTTP Response: method=GET uri=/actuator/metrics/http.server.requests status=200 duration=4ms","logger_name":"com.aashir.ecommerce.config.RequestLoggingFilter","thread_name":"http-nio-8080-exec-7","level":"INFO","level_value":20000,"requestId":"3552ca1f-0829-4db2-8861-94d7039aa0df"}
{"@timestamp":"2026-09-01T20:18:58.0431046+05:30","@version":"1","message":"HTTP Request: method=GET uri=/actuator/metrics/http.server.requests","logger_name":"com.aashir.ecommerce.config.RequestLoggingFilter","thread_name":"http-nio-8080-exec-8","level":"INFO","level_value":20000,"requestId":"89b648d1-14c4-4c17-9b68-12001eecbf64"}
{"@timestamp":"2026-09-01T20:18:58.0481764+05:30","@version":"1","message":"HTTP Response: method=GET uri=/actuator/metrics/http.server.requests status=200 duration=5ms","logger_name":"com.aashir.ecommerce.config.RequestLoggingFilter","thread_name":"http-nio-8080-exec-8","level":"INFO","level_value":20000,"requestId":"89b648d1-14c4-4c17-9b68-12001eecbf64"}
{"@timestamp":"2026-09-01T20:19:38.6389622+05:30","@version":"1","message":"HTTP Request: method=GET uri=/actuator/metrics/http.server.requests","logger_name":"com.aashir.ecommerce.config.RequestLoggingFilter","thread_name":"http-nio-8080-exec-1","level":"INFO","level_value":20000,"requestId":"596e5a34-8e6e-4385-b19e-c99ce19c7f43"}
{"@timestamp":"2026-09-01T20:19:38.6441212+05:30","@version":"1","message":"HTTP Response: method=GET uri=/actuator/metrics/http.server.requests status=200 duration=7ms","logger_name":"com.aashir.ecommerce.config.RequestLoggingFilter","thread_name":"http-nio-8080-exec-1","level":"INFO","level_value":20000,"requestId":"596e5a34-8e6e-4385-b19e-c99ce19c7f43"}
{"@timestamp":"2026-09-01T20:19:52.6117765+05:30","@version":"1","message":"Updating orderStatus with orderId =28","logger_name":"com.aashir.ecommerce.service.OrderService","thread_name":"scheduling-1","level":"INFO","level_value":20000}
{"@timestamp":"2026-09-01T20:19:52.6349982+05:30","@version":"1","message":"Restore inventory successfully with inventoryProductName=Logitech MX Master 4 and productCount","logger_name":"com.aashir.ecommerce.service.OrderService","thread_name":"scheduling-1","level":"INFO","level_value":20000}
{"@timestamp":"2026-09-01T20:19:52.6349982+05:30","@version":"1","message":"cancelled orderId =28","logger_name":"com.aashir.ecommerce.service.OrderService","thread_name":"scheduling-1","level":"INFO","level_value":20000}
{"@timestamp":"2026-09-01T20:19:52.6689861+05:30","@version":"1","message":"Expired order cancelled.orderNumber=ORD-3e281be1-ae00-42fa-8d1d-e217fdabecaf","logger_name":"com.aashir.ecommerce.scheduler.OrderScheduler","thread_name":"scheduling-1","level":"INFO","level_value":20000}
{"@timestamp":"2026-09-01T20:19:52.6699832+05:30","@version":"1","message":"Order created email sent: orderId=ORD-3e281be1-ae00-42fa-8d1d-e217fdabecaf","logger_name":"com.aashir.ecommerce.event.OrderEventListener","thread_name":"email-2","level":"INFO","level_value":20000}
{"@timestamp":"2026-09-01T20:19:56.9652448+05:30","@version":"1","message":"Email sent successfully. sendemail=ashirshaikh231@gmail.com, subject=Order Cancelled - ORD-3e281be1-ae00-42fa-8d1d-e217fdabecaf","logger_name":"com.aashir.ecommerce.service.EmailService","thread_name":"email-2","level":"INFO","level_value":20000}
{"@timestamp":"2026-09-01T20:20:00.7428358+05:30","@version":"1","message":"HTTP Request: method=GET uri=/actuator/metrics/http.server.requests","logger_name":"com.aashir.ecommerce.config.RequestLoggingFilter","thread_name":"http-nio-8080-exec-3","level":"INFO","level_value":20000,"requestId":"7812e7bc-b9ea-464a-b1b9-cef412a0c684"}
{"@timestamp":"2026-09-01T20:20:00.7543258+05:30","@version":"1","message":"HTTP Response: method=GET uri=/actuator/metrics/http.server.requests status=200 duration=12ms","logger_name":"com.aashir.ecommerce.config.RequestLoggingFilter","thread_name":"http-nio-8080-exec-3","level":"INFO","level_value":20000,"requestId":"7812e7bc-b9ea-464a-b1b9-cef412a0c684"}
{"@timestamp":"2026-09-01T20:21:06.3986048+05:30","@version":"1","message":"HTTP Request: method=GET uri=/actuator/metrics/jvm.memory.used","logger_name":"com.aashir.ecommerce.config.RequestLoggingFilter","thread_name":"http-nio-8080-exec-9","level":"INFO","level_value":20000,"requestId":"2371e568-c96a-4d63-8e0c-cfc2452d615c"}
{"@timestamp":"2026-09-01T20:21:06.4065275+05:30","@version":"1","message":"HTTP Response: method=GET uri=/actuator/metrics/jvm.memory.used status=200 duration=8ms","logger_name":"com.aashir.ecommerce.config.RequestLoggingFilter","thread_name":"http-nio-8080-exec-9","level":"INFO","level_value":20000,"requestId":"2371e568-c96a-4d63-8e0c-cfc2452d615c"}
{"@timestamp":"2026-09-01T20:22:02.8218134+05:30","@version":"1","message":"HTTP Request: method=GET uri=/actuator/metrics/jvm.threads.live","logger_name":"com.aashir.ecommerce.config.RequestLoggingFilter","thread_name":"http-nio-8080-exec-10","level":"INFO","level_value":20000,"requestId":"f277d78c-0259-4b0a-b631-36dcd709936b"}
{"@timestamp":"2026-09-01T20:22:02.8261779+05:30","@version":"1","message":"HTTP Response: method=GET uri=/actuator/metrics/jvm.threads.live status=200 duration=5ms","logger_name":"com.aashir.ecommerce.config.RequestLoggingFilter","thread_name":"http-nio-8080-exec-10","level":"INFO","level_value":20000,"requestId":"f277d78c-0259-4b0a-b631-36dcd709936b"}
{"@timestamp":"2026-09-01T20:22:37.7913727+05:30","@version":"1","message":"HTTP Request: method=GET uri=/actuator/metrics/process.cpu.usage","logger_name":"com.aashir.ecommerce.config.RequestLoggingFilter","thread_name":"http-nio-8080-exec-2","level":"INFO","level_value":20000,"requestId":"3b940945-9099-4980-ab32-9e2ec3620a52"}
{"@timestamp":"2026-09-01T20:22:38.8344377+05:30","@version":"1","message":"HTTP Response: method=GET uri=/actuator/metrics/process.cpu.usage status=200 duration=1043ms","logger_name":"com.aashir.ecommerce.config.RequestLoggingFilter","thread_name":"http-nio-8080-exec-2","level":"INFO","level_value":20000,"requestId":"3b940945-9099-4980-ab32-9e2ec3620a52"}
{"@timestamp":"2026-09-01T20:26:21.8630772+05:30","@version":"1","message":"HTTP Request: method=GET uri=/actuator/metrics/orders.created","logger_name":"com.aashir.ecommerce.config.RequestLoggingFilter","thread_name":"http-nio-8080-exec-6","level":"INFO","level_value":20000,"requestId":"656ff12f-4454-426c-a324-3bf1af63ecea"}
{"@timestamp":"2026-09-01T20:26:21.8664843+05:30","@version":"1","message":"HTTP Response: method=GET uri=/actuator/metrics/orders.created status=404 duration=3ms","logger_name":"com.aashir.ecommerce.config.RequestLoggingFilter","thread_name":"http-nio-8080-exec-6","level":"WARN","level_value":30000,"requestId":"656ff12f-4454-426c-a324-3bf1af63ecea"}
{"@timestamp":"2026-09-01T20:26:32.171942+05:30","@version":"1","message":"Starting ECommerceApplication using Java 21.0.11 with PID 22480 (C:\\Users\\Ashir\\IdeaProjects\\e-commerce\\target\\classes started by Ashir in C:\\Users\\Ashir\\IdeaProjects\\e-commerce)","logger_name":"com.aashir.ecommerce.ECommerceApplication","thread_name":"main","level":"INFO","level_value":20000,"tags":["COMMONS-LOGGING"]}
{"@timestamp":"2026-09-01T20:26:32.1864262+05:30","@version":"1","message":"No active profile set, falling back to 1 default profile: \"default\"","logger_name":"com.aashir.ecommerce.ECommerceApplication","thread_name":"main","level":"INFO","level_value":20000,"tags":["COMMONS-LOGGING"]}
{"@timestamp":"2026-09-01T20:26:34.8658753+05:30","@version":"1","message":"Initializing ProtocolHandler [\"http-nio-8080\"]","logger_name":"org.apache.coyote.http11.Http11NioProtocol","thread_name":"main","level":"INFO","level_value":20000}
{"@timestamp":"2026-09-01T20:26:34.8689169+05:30","@version":"1","message":"Starting service [Tomcat]","logger_name":"org.apache.catalina.core.StandardService","thread_name":"main","level":"INFO","level_value":20000}
{"@timestamp":"2026-09-01T20:26:34.8689169+05:30","@version":"1","message":"Starting Servlet engine: [Apache Tomcat/11.0.22]","logger_name":"org.apache.catalina.core.StandardEngine","thread_name":"main","level":"INFO","level_value":20000}
{"@timestamp":"2026-09-01T20:26:39.8912792+05:30","@version":"1","message":"spring.jpa.open-in-view is enabled by default. Therefore, database queries may be performed during view rendering. Explicitly configure spring.jpa.open-in-view to disable this warning","logger_name":"org.springframework.boot.jpa.autoconfigure.JpaBaseConfiguration$JpaWebConfiguration","thread_name":"main","level":"WARN","level_value":30000,"tags":["COMMONS-LOGGING"]}
{"@timestamp":"2026-09-01T20:26:41.9790268+05:30","@version":"1","message":"Starting ProtocolHandler [\"http-nio-8080\"]","logger_name":"org.apache.coyote.http11.Http11NioProtocol","thread_name":"main","level":"INFO","level_value":20000}
{"@timestamp":"2026-09-01T20:26:42.0427014+05:30","@version":"1","message":"Started ECommerceApplication in 10.822 seconds (process running for 11.703)","logger_name":"com.aashir.ecommerce.ECommerceApplication","thread_name":"main","level":"INFO","level_value":20000,"tags":["COMMONS-LOGGING"]}
{"@timestamp":"2026-09-01T20:26:42.1189728+05:30","@version":"1","message":"Initializing Spring DispatcherServlet 'dispatcherServlet'","logger_name":"org.apache.catalina.core.ContainerBase.[Tomcat].[localhost].[/]","thread_name":"http-nio-8080-exec-1","level":"INFO","level_value":20000}
{"@timestamp":"2026-09-01T20:26:42.1820205+05:30","@version":"1","message":"HTTP Request: method=GET uri=/actuator/metrics/orders.created","logger_name":"com.aashir.ecommerce.config.RequestLoggingFilter","thread_name":"http-nio-8080-exec-1","level":"INFO","level_value":20000,"requestId":"7a6f9d07-1022-426e-ba92-9e299bb9d282"}
{"@timestamp":"2026-09-01T20:26:42.2442877+05:30","@version":"1","message":"HTTP Response: method=GET uri=/actuator/metrics/orders.created status=404 duration=63ms","logger_name":"com.aashir.ecommerce.config.RequestLoggingFilter","thread_name":"http-nio-8080-exec-1","level":"WARN","level_value":30000,"requestId":"7a6f9d07-1022-426e-ba92-9e299bb9d282"}
{"@timestamp":"2026-09-01T20:26:42.3166356+05:30","@version":"1","message":"LOW STOCK ALERT: productId=25,productName=Sony WH-1000XM6,quantity=18","logger_name":"com.aashir.ecommerce.scheduler.InventoryScheduler","thread_name":"scheduling-1","level":"WARN","level_value":30000}
{"@timestamp":"2026-09-01T20:26:42.3166356+05:30","@version":"1","message":"LOW STOCK ALERT: productId=27,productName=Samsung Galaxy S26,quantity=12","logger_name":"com.aashir.ecommerce.scheduler.InventoryScheduler","thread_name":"scheduling-1","level":"WARN","level_value":30000}
{"@timestamp":"2026-09-01T20:26:43.9786923+05:30","@version":"1","message":"HTTP Request: method=GET uri=/actuator/metrics/orders.created","logger_name":"com.aashir.ecommerce.config.RequestLoggingFilter","thread_name":"http-nio-8080-exec-3","level":"INFO","level_value":20000,"requestId":"ee894bcd-9ae1-4d3e-9999-075d6c43f578"}
{"@timestamp":"2026-09-01T20:26:43.9821718+05:30","@version":"1","message":"HTTP Response: method=GET uri=/actuator/metrics/orders.created status=404 duration=5ms","logger_name":"com.aashir.ecommerce.config.RequestLoggingFilter","thread_name":"http-nio-8080-exec-3","level":"WARN","level_value":30000,"requestId":"ee894bcd-9ae1-4d3e-9999-075d6c43f578"}
{"@timestamp":"2026-09-01T20:26:57.6667887+05:30","@version":"1","message":"HTTP Request: method=GET uri=/actuator/metrics/orders.created","logger_name":"com.aashir.ecommerce.config.RequestLoggingFilter","thread_name":"http-nio-8080-exec-2","level":"INFO","level_value":20000,"requestId":"e732e19e-92b1-4cde-bac4-fc9c64d78443"}
{"@timestamp":"2026-09-01T20:26:57.6729386+05:30","@version":"1","message":"HTTP Response: method=GET uri=/actuator/metrics/orders.created status=404 duration=6ms","logger_name":"com.aashir.ecommerce.config.RequestLoggingFilter","thread_name":"http-nio-8080-exec-2","level":"WARN","level_value":30000,"requestId":"e732e19e-92b1-4cde-bac4-fc9c64d78443"}
{"@timestamp":"2026-09-01T20:26:58.5313123+05:30","@version":"1","message":"HTTP Request: method=GET uri=/actuator/metrics/orders.created","logger_name":"com.aashir.ecommerce.config.RequestLoggingFilter","thread_name":"http-nio-8080-exec-8","level":"INFO","level_value":20000,"requestId":"246e5de3-fe11-4460-b728-4a0b5e3dc991"}
{"@timestamp":"2026-09-01T20:26:58.5358407+05:30","@version":"1","message":"HTTP Response: method=GET uri=/actuator/metrics/orders.created status=404 duration=4ms","logger_name":"com.aashir.ecommerce.config.RequestLoggingFilter","thread_name":"http-nio-8080-exec-8","level":"WARN","level_value":30000,"requestId":"246e5de3-fe11-4460-b728-4a0b5e3dc991"}
{"@timestamp":"2026-09-01T20:27:24.6083615+05:30","@version":"1","message":"HTTP Request: method=POST uri=/api/v1/orders","logger_name":"com.aashir.ecommerce.config.RequestLoggingFilter","thread_name":"http-nio-8080-exec-5","level":"INFO","level_value":20000,"requestId":"192c8c5d-98f3-4de4-bcbc-0eabbe4b7e6b"}
{"@timestamp":"2026-09-01T20:27:24.813737+05:30","@version":"1","message":"HV000271: Using `@Valid` on a container (java.util.List) is deprecated. You should apply the annotation on the type argument(s). Affected element: items","logger_name":"org.hibernate.validator.internal.metadata.aggregated.CascadingMetaDataBuilder","thread_name":"http-nio-8080-exec-5","level":"WARN","level_value":30000,"requestId":"192c8c5d-98f3-4de4-bcbc-0eabbe4b7e6b"}
{"@timestamp":"2026-09-01T20:27:24.97403+05:30","@version":"1","message":"Creating new order with email =ashirshaikh231@gmail.com and item=1","logger_name":"com.aashir.ecommerce.service.OrderService","thread_name":"http-nio-8080-exec-5","level":"INFO","level_value":20000,"requestId":"192c8c5d-98f3-4de4-bcbc-0eabbe4b7e6b"}
{"@timestamp":"2026-09-01T20:27:25.0804213+05:30","@version":"1","message":"Order created successfully: orderId=29","logger_name":"com.aashir.ecommerce.service.OrderService","thread_name":"http-nio-8080-exec-5","level":"INFO","level_value":20000,"requestId":"192c8c5d-98f3-4de4-bcbc-0eabbe4b7e6b"}
{"@timestamp":"2026-09-01T20:27:25.1350994+05:30","@version":"1","message":"Processing OrderCreatedEvent: orderId=ORD-21142652-d919-4f88-8251-a438b7fb57fd","logger_name":"com.aashir.ecommerce.event.OrderEventListener","thread_name":"email-1","level":"INFO","level_value":20000,"requestId":"192c8c5d-98f3-4de4-bcbc-0eabbe4b7e6b"}
{"@timestamp":"2026-09-01T20:27:25.2536692+05:30","@version":"1","message":"HTTP Response: method=POST uri=/api/v1/orders status=201 duration=645ms","logger_name":"com.aashir.ecommerce.config.RequestLoggingFilter","thread_name":"http-nio-8080-exec-5","level":"INFO","level_value":20000,"requestId":"192c8c5d-98f3-4de4-bcbc-0eabbe4b7e6b"}
{"@timestamp":"2026-09-01T20:27:29.9462975+05:30","@version":"1","message":"HTTP Request: method=GET uri=/actuator/metrics/orders.created","logger_name":"com.aashir.ecommerce.config.RequestLoggingFilter","thread_name":"http-nio-8080-exec-7","level":"INFO","level_value":20000,"requestId":"ad5dad54-0d4b-4ac1-90f3-bb47c1b2f65b"}
{"@timestamp":"2026-09-01T20:27:30.0065303+05:30","@version":"1","message":"HTTP Response: method=GET uri=/actuator/metrics/orders.created status=200 duration=60ms","logger_name":"com.aashir.ecommerce.config.RequestLoggingFilter","thread_name":"http-nio-8080-exec-7","level":"INFO","level_value":20000,"requestId":"ad5dad54-0d4b-4ac1-90f3-bb47c1b2f65b"}
{"@timestamp":"2026-09-01T20:27:30.128654+05:30","@version":"1","message":"Email sent successfully. sendemail=ashirshaikh231@gmail.com, subject=Order Confirmed -ORD-21142652-d919-4f88-8251-a438b7fb57fd","logger_name":"com.aashir.ecommerce.service.EmailService","thread_name":"email-1","level":"INFO","level_value":20000,"requestId":"192c8c5d-98f3-4de4-bcbc-0eabbe4b7e6b"}
{"@timestamp":"2026-09-01T20:27:30.128654+05:30","@version":"1","message":"Order confirmed email sent","logger_name":"com.aashir.ecommerce.service.EmailService","thread_name":"email-1","level":"INFO","level_value":20000,"requestId":"192c8c5d-98f3-4de4-bcbc-0eabbe4b7e6b"}
{"@timestamp":"2026-09-01T20:37:22.3047114+05:30","@version":"1","message":"Starting ECommerceApplication using Java 21.0.11 with PID 32728 (C:\\Users\\Ashir\\IdeaProjects\\e-commerce\\target\\classes started by Ashir in C:\\Users\\Ashir\\IdeaProjects\\e-commerce)","logger_name":"com.aashir.ecommerce.ECommerceApplication","thread_name":"main","level":"INFO","level_value":20000,"tags":["COMMONS-LOGGING"]}
{"@timestamp":"2026-09-01T20:37:22.3172546+05:30","@version":"1","message":"No active profile set, falling back to 1 default profile: \"default\"","logger_name":"com.aashir.ecommerce.ECommerceApplication","thread_name":"main","level":"INFO","level_value":20000,"tags":["COMMONS-LOGGING"]}
{"@timestamp":"2026-09-01T20:37:25.0298072+05:30","@version":"1","message":"Initializing ProtocolHandler [\"http-nio-8080\"]","logger_name":"org.apache.coyote.http11.Http11NioProtocol","thread_name":"main","level":"INFO","level_value":20000}
{"@timestamp":"2026-09-01T20:37:25.0322909+05:30","@version":"1","message":"Starting service [Tomcat]","logger_name":"org.apache.catalina.core.StandardService","thread_name":"main","level":"INFO","level_value":20000}
{"@timestamp":"2026-09-01T20:37:25.0322909+05:30","@version":"1","message":"Starting Servlet engine: [Apache Tomcat/11.0.22]","logger_name":"org.apache.catalina.core.StandardEngine","thread_name":"main","level":"INFO","level_value":20000}
{"@timestamp":"2026-09-01T20:37:30.052495+05:30","@version":"1","message":"spring.jpa.open-in-view is enabled by default. Therefore, database queries may be performed during view rendering. Explicitly configure spring.jpa.open-in-view to disable this warning","logger_name":"org.springframework.boot.jpa.autoconfigure.JpaBaseConfiguration$JpaWebConfiguration","thread_name":"main","level":"WARN","level_value":30000,"tags":["COMMONS-LOGGING"]}
{"@timestamp":"2026-09-01T20:37:32.0052979+05:30","@version":"1","message":"Starting ProtocolHandler [\"http-nio-8080\"]","logger_name":"org.apache.coyote.http11.Http11NioProtocol","thread_name":"main","level":"INFO","level_value":20000}
{"@timestamp":"2026-09-01T20:37:32.0454126+05:30","@version":"1","message":"Started ECommerceApplication in 10.758 seconds (process running for 11.503)","logger_name":"com.aashir.ecommerce.ECommerceApplication","thread_name":"main","level":"INFO","level_value":20000,"tags":["COMMONS-LOGGING"]}
{"@timestamp":"2026-09-01T20:37:32.2693845+05:30","@version":"1","message":"LOW STOCK ALERT: productId=25,productName=Sony WH-1000XM6,quantity=18","logger_name":"com.aashir.ecommerce.scheduler.InventoryScheduler","thread_name":"scheduling-1","level":"WARN","level_value":30000}
{"@timestamp":"2026-09-01T20:37:32.270383+05:30","@version":"1","message":"LOW STOCK ALERT: productId=27,productName=Samsung Galaxy S26,quantity=12","logger_name":"com.aashir.ecommerce.scheduler.InventoryScheduler","thread_name":"scheduling-1","level":"WARN","level_value":30000}
{"@timestamp":"2026-09-01T20:37:32.3253827+05:30","@version":"1","message":"Updating orderStatus with orderId =29","logger_name":"com.aashir.ecommerce.service.OrderService","thread_name":"scheduling-1","level":"INFO","level_value":20000}
{"@timestamp":"2026-09-01T20:37:32.3704249+05:30","@version":"1","message":"Restore inventory successfully with inventoryProductName=Logitech MX Master 4 and productCount","logger_name":"com.aashir.ecommerce.service.OrderService","thread_name":"scheduling-1","level":"INFO","level_value":20000}
{"@timestamp":"2026-09-01T20:37:32.3704249+05:30","@version":"1","message":"cancelled orderId =29","logger_name":"com.aashir.ecommerce.service.OrderService","thread_name":"scheduling-1","level":"INFO","level_value":20000}
{"@timestamp":"2026-09-01T20:37:32.4399859+05:30","@version":"1","message":"Order created email sent: orderId=ORD-21142652-d919-4f88-8251-a438b7fb57fd","logger_name":"com.aashir.ecommerce.event.OrderEventListener","thread_name":"email-1","level":"INFO","level_value":20000}
{"@timestamp":"2026-09-01T20:37:32.4399859+05:30","@version":"1","message":"Expired order cancelled.orderNumber=ORD-21142652-d919-4f88-8251-a438b7fb57fd","logger_name":"com.aashir.ecommerce.scheduler.OrderScheduler","thread_name":"scheduling-1","level":"INFO","level_value":20000}
{"@timestamp":"2026-09-01T20:37:37.9047924+05:30","@version":"1","message":"Email sent successfully. sendemail=ashirshaikh231@gmail.com, subject=Order Cancelled - ORD-21142652-d919-4f88-8251-a438b7fb57fd","logger_name":"com.aashir.ecommerce.service.EmailService","thread_name":"email-1","level":"INFO","level_value":20000}
{"@timestamp":"2026-09-01T20:37:41.7518897+05:30","@version":"1","message":"Initializing Spring DispatcherServlet 'dispatcherServlet'","logger_name":"org.apache.catalina.core.ContainerBase.[Tomcat].[localhost].[/]","thread_name":"http-nio-8080-exec-3","level":"INFO","level_value":20000}
{"@timestamp":"2026-09-01T20:37:41.8196534+05:30","@version":"1","message":"HTTP Request: method=GET uri=/actuator/prometheus","logger_name":"com.aashir.ecommerce.config.RequestLoggingFilter","thread_name":"http-nio-8080-exec-3","level":"INFO","level_value":20000,"requestId":"6c7f7af5-a249-40bf-853a-b04799248102"}
{"@timestamp":"2026-09-01T20:37:42.77133+05:30","@version":"1","message":"HTTP Response: method=GET uri=/actuator/prometheus status=200 duration=952ms","logger_name":"com.aashir.ecommerce.config.RequestLoggingFilter","thread_name":"http-nio-8080-exec-3","level":"INFO","level_value":20000,"requestId":"6c7f7af5-a249-40bf-853a-b04799248102"}
